S.No,Title,Source,Published At,URL,Description,Category
1,Ruckus in Assembly over Sunil Sharma’s charges against Govt,dailyexcelsior,2026-02-10 22:37:41,https://www.dailyexcelsior.com/ruckus-in-assembly-over-sunil-sharmas-charges-against-govt/,"LoP snubs agitating NC MLAs Nishikant Khajuria JAMMU, Feb 10: Legislative Assembly witnessed ruckus amid allegations and counter allegations as treasury benches sought to counter Leader of Opposition (LoP) Sunil Sharma who rejected the Government claims lock, stock and barrel in his fierce speech during budget discussion on Tuesday. Follow the Daily Excelsior channel on WhatsApp Sunil Sharma snubbed the protesting NC MLAs leading to heated exchange of words between the BJP and ruling party members thus repeatedly plunging the [...]The post Ruckus in Assembly over Sunil Sharma’s charges against Govt appeared first on Daily Excelsior.","politics, top"
2,"Stocks to Watch Today: Apollo Hospitals, Titan, Ather Energy, BHEL, Ion Exchange, TVS Supply, HEG, Torrent Power, Jubilant Foodworks, Eicher Motors in focus on 11 February",moneycontrol,2026-02-10 21:12:14,https://www.moneycontrol.com/news/business/markets/stocks-to-watch-today-apollo-hospitals-titan-ather-energy-bhel-ion-exchange-tvs-supply-heg-torrent-power-jubilant-foodworks-eicher-motors-in-focus-on-11-february-13822480.html,"Stocks to Watch, 11 Feb: Stocks like Titan Company, Apollo Hospitals Enterprise, Eicher Motors, Grasim Industries, Britannia Industries, Oil India, Jubilant Foodworks, Torrent Power, Karnataka Bank, HEG, EIH, Power Mech Projects, Som Distilleries & Breweries, Afcons Infrastructure, and TVS Supply Chain Solutions will be in focus on February 11.","top, technology"
3,"Delhi, Beijing review ties, stress need to address ‘sensitive issues’",tribuneindia,2026-02-10 21:08:52,https://www.tribuneindia.com/news/borderpeace/delhi-beijing-review-ties-stress-need-to-address-sensitive-issues,"India and China discussed bilateral ties, emphasizing peace on the border and people-to-people exchanges. They reviewed trade concerns and the Kailash Mansarovar Yatra. China supports India's UN Security Council membership bid and the upcoming BRICS Summit.","politics, top"
4,"As AI, digital infra rewire global finance, India is ready to lead",economictimes_indiatimes,2026-02-10 18:45:46,http://economictimes.indiatimes.com/news/india/as-ai-digital-infra-rewire-global-finance-india-is-ready-to-lead/articleshow/128172131.cms,"The global financial system is undergoing a major shift, driven by AI, advanced analytics, and high-quality data, which are now central to how markets function and capital flows. Digital technologies are transforming trading, clearing, and settlement, with blockchain-based instruments gaining traction globally.",world
5,Bank Strike (Feb 12): SBI Warns Of Disruption As Nationwide Union Protest Looms; Key Details,english_jagran,2026-02-10 17:56:26,https://www.thedailyjagran.com/india/bank-strike-feb-12-sbi-warns-of-disruption-as-nationwide-union-protest-looms-key-details-10297978,"Bank Strike February 12,SBI bank services,IDBI Bank strike notice,banking disruption,bank unions protest,labor codes opposition,digital banking unaffected,nationwide bank strike,Bank Strike,sbi news,sbi strike","business, top"
6,Bundled commerce,toi,2026-02-10 17:42:31,https://timesofindia.indiatimes.com/blogs/randomly-elder/bundled-commerce/,"This is a story of my second innings. No, it was neither pre-planned or inspired by second career – post-retirement – celebrated so fairytale like nowadays. What if I tell you that it was quick...",sports
7,Safeguard apple economy,greaterkashmir,2026-02-10 17:16:32,https://www.greaterkashmir.com/editorial-page-3/safeguard-apple-economy/,"As details of the interim India–US trade framework begin to surface, optimism in official statements contrasts sharply with some anxiety in Kashmir’s orchards. Early indications... The post Safeguard apple economy appeared first on Greater Kashmir.","business, top"
8,iPhone 17 vs iPhone 16: What Apple’s Next Big Upgrade Means For You – A Comparison,newsx,2026-02-10 17:11:01,https://www.newsx.com/business/iphone-17-vs-iphone-16-what-apples-next-big-upgrade-means-for-you-a-comparison-55415/,"The iPhone 17 is set to bring major upgrades, including a 120Hz ProMotion display, 24MP front camera, and faster charging. If on a budget, consider the iPhone 16 post-iPhone 17 release.","top, technology"
9,"What Do Bollywood, AI, And Startups Have In Common? This New Media Incubator Has The Answer",newsx,2026-02-10 17:09:58,https://www.newsx.com/business/what-do-bollywood-ai-and-startups-have-in-common-this-new-media-incubator-has-the-answer-55708/,"India’s Ministry of Information and Broadcasting and IICT have initiated Media Tech Startup Incubator under WaveX to assist and promote AVGC-XR startups with mentorship, infrastructure, and global exposure, aiming to boost innovation in animation, gaming, and immersive technologies.",top
10,"Stocks To Watch Today: Big 'BUY' Rating For Reliance Industries, Adani Power, Torrent Power Among Other Stocks In Focus Today",newsx,2026-02-10 17:09:23,https://www.newsx.com/business/stocks-to-watch-today-big-buy-rating-for-reliance-industries-adani-power-torrent-power-among-other-stocks-in-focus-today-stocks-to-watch-on-1-september-56023/,"Stocks To Watch Today: Indian markets opened strong after three days of losses, boosted by positive global cues and trade updates. Key stocks like Reliance, Adani Power, Torrent Power, and others are in focus today.","business, top"
11,"Financial Changes From September 1, 2025: Things To Know Before They Hit Your Wallet",newsx,2026-02-10 17:08:53,https://www.newsx.com/business/financial-changes-from-september-1-2025-things-to-know-before-they-hit-your-wallet-56300/,"Significant financial changes effective from today, September 1, 2025, comprise a cut in commercial LPG prices, approaching time limit for high-interest FDs, reviewed SBI Card rules, compulsory silver hallmarking, and re-KYC requirements for Jan Dhan accounts, affecting budgets and investment picks.","business, top"
12,ALERT INVESTORS! Key Details To Watch Ahead Of FM Nirmala Sitharaman-Led 56th GST Council Meeting,newsx,2026-02-10 17:07:38,https://www.newsx.com/business/alert-investors-key-details-to-watch-ahead-of-fm-nirmala-sitharaman-led-56th-gst-council-meeting-56631/,"The 56th GST Council meeting on September 3-4, 2025, will discuss tax slab revisions, exemptions, and compliance reforms. Investors should watch closely for market-moving decisions and updates on gstcouncil.gov.in.","business, top"
13,"Numerology horoscope today, February 11, 2026: What your name's first letter reveals today",toi,2026-02-10 16:37:43,https://timesofindia.indiatimes.com/astrology/numerology-tarot/numerology-horoscope-today-february-11-2026-what-your-names-first-letter-reveals-today/articleshow/128167932.cms,"Daily insights are provided for individuals based on their name's initial letter. These predictions offer guidance on career, finances, family matters, and personal well-being. Stay informed about potential opportunities and challenges across different life areas. This personalized advice aims to help navigate the day effectively.","science, top"
14,"Unclaimed bank deposits of Rs 72,454 crore lying with DEA Fund: MoS Finance",economictimes_indiatimes,2026-02-10 16:28:20,https://economictimes.indiatimes.com/news/economy/finance/unclaimed-bank-deposits-of-rs-72454-crore-lying-with-dea-fund-mos-finance/articleshow/128167506.cms,"Over Rs 72,000 crore in unclaimed bank deposits are held by the RBI's DEA Fund by January 2026. Steps are being taken to help people find their lost money. The government is also boosting cooperative banks and infrastructure investment. Unsecured personal loans have also seen an increase.","business, top"
15,Trade setup for February 11: Top 15 things to know before the opening bell,moneycontrol,2026-02-10 16:22:59,https://www.moneycontrol.com/news/business/markets/trade-setup-for-february-11-top-15-things-to-know-before-the-opening-bell-2-13822402.html,"Momentum indicators aligned with the rally. All key moving averages trended upward, and the index traded near the upper Bollinger Bands. Meanwhile, a falling VIX favoured bulls, signalling a healthy trend.","business, top"
16,Editorial. India Inc. manages to overcome adversity in Q3,thehindubusinessline,2026-02-10 16:15:45,https://www.thehindubusinessline.com/opinion/editorial/editorial-india-inc-manages-to-overcome-adversity-in-q3/article70615921.ece,There are signs that the worst is over. The US and EU trade deals have lifted prospects of a number of sectors,politics
17,Bengal Assembly polls: ECI’s full bench to visit state on March 1,thehansindia,2026-02-10 16:15:23,https://www.thehansindia.com/news/national/bengal-assembly-polls-ecis-full-bench-to-visit-state-on-march-1-1047414,"Kolkata: The full bench of the Election Commission of India will be on a two-day visit to West Bengal on March 1, that is the day after the new date for the publication of the final voters’ list on...","politics, top"
18,"Top Business & Market Headlines Today — BL Morning Report, Feb 11, 2026",thehindubusinessline,2026-02-10 15:53:36,https://www.thehindubusinessline.com/multimedia/audio/top-business-market-headlines-today-bl-morning-report-feb-11-2026/article70616564.ece,"BL Morning Report February 11, 2026: Get today’s top business news, market headlines about the Stock Market, Sensex & Nifty trends, key market insights, economic highlights, and the latest updates from India and global markets",technology
19,"Ion Exchange arm bags ₹1,730-cr order from Petroleum Development Oman",cnbctv18,2026-02-10 15:29:23,https://www.cnbctv18.com/market/stocks/ion-exchange-share-price-arm-bags-order-worth-rs-1730-crore-from-petroleum-development-oman-19847063.htm,"Ion Exchange and Company LLC was awarded the contract by Petroleum Development Oman for a design, build, own, operate, and maintain agreement covering a potable water facility and sewage treatment facility. Shares of Ion Exchange (India) Ltd ended at ₹386.90, up by ₹4.05, or 1.06%, on the BSE today, February 10.",business
20,SBI flags all-India bank strike on February 12; says services may be affected,economictimes_indiatimes,2026-02-10 15:12:53,https://economictimes.indiatimes.com/industry/banking/finance/banking/sbi-flags-all-india-bank-strike-on-february-12-says-services-may-be-affected/articleshow/128164762.cms,"Bank Strike: Banking services may see limited disruption on February 12, 2026. The State Bank of India has announced a nationwide bank strike. Customers are advised of potential impacts. This action by the country's largest public sector bank will affect operations. Work is expected to be impacted to a limited extent during the strike.","business, top"
21,Unclaimed bank deposits of Rs 72 454 cr lying with DEA Fund MoS Finance,theweek_in,2026-02-10 15:02:25,https://www.theweek.in/wire-updates/business/2026/02/10/unclaimed-bank-deposits-of-rs-72-454-cr-lying-with-dea-fund-mos-finance.html,"New Delhi, Feb 10 (PTI) Around Rs 72,454 crore unclaimed deposits of banks, including foreign lenders, are with the Depositor",business
22,India unlocking new global steel markets: Middle East & Asia in focus,news9live,2026-02-10 14:40:00,https://www.news9live.com/business/biz-news/india-unlocking-new-global-steel-markets-middle-east-asia-in-focus-2929022,"India is strategically expanding its steel exports beyond Europe, targeting new markets in the Middle East and Asian nations with expected agreements soon.",business
23,Adani Group says US asked information over imports from Iran,economictimes_indiatimes,2026-02-10 14:33:18,https://economictimes.indiatimes.com/news/company/corporate-trends/adani-group-says-us-asked-information-over-imports-from-iran/articleshow/128163514.cms,"In a significant development, Adani Enterprises is engaging with an investigation led by the US Treasury Department regarding potential imports of petroleum products from Iran. The company has expressed its readiness to cooperate fully with the inquiry. Adani Group has consistently affirmed its innocence concerning any allegations of sanctions evasion, having halted all LPG imports as of June 2025.","business, top"
24,Game-changer in cancer care? AstraZeneca wins CDSCO approval for Durvalumab,mathrubhumi,2026-02-10 14:28:11,https://english.mathrubhumi.com/lifestyle/health/astrazeneca-cdsco-approval-durvalumab-new-cancer-indication-wbbem2rw,"AstraZeneca Pharma India has received CDSCO approval to sell and distribute Durvalumab (Imfinzi) for an additional cancer indication, expanding treatment options for endometrial cancer patients.","health, top"
25,Oil Prices Climb as Supply Risks and Trade Moves Stir Markets,newsable_asianetnews,2026-02-10 14:19:32,https://newsable.asianetnews.com/gallery/business/crude-oil-price-in-us-on-february-10-2026-rises-above-usd-64-as-geopolitical-tensions-support-prices-exol3g6,"Crude oil climbed to $64.58 per barrel on February 10, 2026, marking a third straight gain. Ongoing US-Iran tensions, warnings over the Strait of Hormuz, and uncertainty around India’s Russian oil imports are keeping markets cautious.","business, top"
26,Adani says US asked information over imports from Iran,theweek_in,2026-02-10 14:17:26,https://www.theweek.in/wire-updates/business/2026/02/10/adani-says-us-asked-information-over-imports-from-iran.html,"New Delhi, Feb 10 (PTI) Adani group flagship firm on Tuesday said a US agency has sought information from the",business
27,"In ‘step toward normalisation of ties’, India & China hold first ‘strategic dialogue’ in Delhi",theprint,2026-02-10 14:06:37,https://theprint.in/diplomacy/in-step-toward-normalisation-of-ties-india-china-hold-first-strategic-dialogue-in-delhi/2851234/,Foreign Secretary Vikram Misri met with the Executive Vice Minister of Foreign Affairs of China Ma Zhaoxu in the Indian national capital Tuesday. The dialogue took stock of the positive momentum of ties in 2025.,world
28,Debunking Common Myths in F&O Trading: What Every Investor Gets Wrong,hindustantimes,2026-02-10 13:46:05,https://www.hindustantimes.com/genesis/debunking-common-myths-in-f-o-trading-what-every-investor-gets-wrong-101770730848232.html,Common myths in F&O trading can mislead traders. See how derivatives trading in India actually works and why many retail traders lose money.,"business, top"
29,"India Post, NSE ink pact to expand mutual fund access across India",economictimes_indiatimes,2026-02-10 13:38:21,https://economictimes.indiatimes.com/mf/mf-news/india-post-nse-ink-pact-to-expand-mutual-fund-access-across-india/articleshow/128161395.cms,The Department of Posts (DoP) and the National Stock Exchange of India on Tuesday signed a pact to expand mutual fund access through the NSE MF Invest platform.,"business, top"
30,"Stock market extends winning streak, Nifty inches closer to 26,000",thestatesman,2026-02-10 13:30:11,https://www.thestatesman.com/business/stock-market-extends-winning-streak-nifty-inches-closer-to-26000-1503554776.html,"BSE, Indian equities, Midcap Stocks, Nifty50, NSE India, ONGC, SBI shares, Sensex, Share market news, Stock market update, Tata Steel","business, top"
31,India Glycols posts a strong Q3 as profits and margins jump,cnbctv18,2026-02-10 13:23:33,https://www.cnbctv18.com/market/earnings/india-glycols-posts-a-strong-q3-as-profits-and-margins-jump-ws-l-19846952.htm,"India Glycols Limited Q3 net profit rose 19 percent to ₹67.6 crore, revenue grew 5.2 percent, EBITDA surged 42.7 percent, and ₹467 crore was raised via preferential allotment for debt reduction.","business, top"
32,"India's new AI content rules, explained: What's AI-generated content, what social media platforms must do now, and what users need to know",toi,2026-02-10 13:19:06,https://timesofindia.indiatimes.com/technology/tech-news/indias-new-ai-content-rules-explained-whats-ai-generated-content-what-social-media-platforms-must-do-now-and-what-users-need-to-know/articleshow/128159986.cms,"India has officially regulated AI-generated content, mandating clear labels on platforms like Instagram and YouTube. Users must now declare AI use, with significant penalties for misrepresentation. Platforms face stricter takedown timelines and must actively block illegal synthetic media, ensuring transparency for the public.","top, technology"
33,Who is Dubai-Based Indian Millionaire Satish Sanpal Who Buys 3 Kg Gold Yearly for Wife?,newsable_asianetnews,2026-02-10 12:59:14,https://newsable.asianetnews.com/gallery/world/who-is-satish-sanpal-dubai-based-indian-millionaire-buys-3-kg-gold-every-year-for-wife-tabinda-sanpal-vsxbzyq,"Satish Sanpal has drawn attention after his wife Tabinda revealed he buys her 3kg of gold every year in Netflix’s Desi Bling trailer. Founder of Anax Holding, Sanpal rose from humble beginnings in Jabalpur to living in Burj Khalifa.","top, entertainment"
34,Business News | Lalbaba Engineering Limited Signs MoU Under Government of India's PLI Scheme for Specialty Steel,latestly,2026-02-10 12:52:25,https://www.latestly.com/agency-news/business-news-lalbaba-engineering-limited-signs-mou-under-government-of-indias-pli-scheme-for-specialty-steel-7309096.html,"Get latest articles and stories on Business at LatestLY. New Delhi [India], February 10: Lalbaba Engineering Limited, Kolkata-headquartered integrated manufacturer of seamless tubes, has signed a Memorandum of Understanding under the Government of India's Production Linked Incentive Scheme 1.2 for Specialty Steel marking its admission into the national programme aimed at strengthening domestic steel manufacturing.","business, top"
35,Paytm shares in focus: IRDAI renews insurance broking license of subsidiary,businesstoday,2026-02-10 12:46:27,https://www.businesstoday.in/markets/stocks/story/paytm-shares-in-focus-irdai-renews-insurance-broking-license-of-subsidiary-515509-2026-02-10,"Paytm shares ended 1.62 per cent lower at Rs 1,160.30 on Tuesday. At this price, the stock has gained 49.28 per cent over the past one year.","business, top"
36,"How gold rally is affecting small jewellers, as big players turn to innovation",indianexpress,2026-02-10 12:40:49,https://indianexpress.com/article/explained/explained-economics/gold-rally-impact-small-jewellers-10524767/,"With gold prices unlikely to slow down, established players like Titan and Caratlane might remain stable but the fate of smaller players hangs in the balance.","business, top"
37,"Nationwide bank strike on February 12, 2026: Will bank work be affected? Bank of Baroda alerts BSE",economictimes_indiatimes,2026-02-10 12:36:19,https://economictimes.indiatimes.com/wealth/save/nationwide-bank-strike-on-february-12-2026-will-bank-work-be-affected-bank-of-baroda-alerts-bse/articleshow/128159014.cms,"Bank unions plan a nationwide strike on February 12, 2026. This action by AIBEA, AIBOA, and BEFI opposes new Labour Codes. While no official holiday is declared, Bank of Baroda warns of potential disruptions. Customers should prepare for possible banking service interruptions on this date.","business, top"
38,Shiv Sena MP Milind Deora hits back at Oppn over `dead economy` claim,mid_day,2026-02-10 12:35:15,https://www.mid-day.com/news/india-news/article/union-budget-2026-session-eknath-shinde-led-shiv-sena-mp-milind-murli-deora-hits-back-at-dead-economy-claim-by-opposition-23615979,"Shiv Sena MP Milind Murli Deora defended India’s economy, citing growth, digital payments, trade deals, and job creation, while the opposition criticized the Union Budget 2026-27 and the India-US trade deal","business, top"
39,AstraZeneca Pharma India receives CDSCO approval for Durvalumab indication in cancer treatment,morungexpress,2026-02-10 12:33:41,https://morungexpress.com/astrazeneca-pharma-india-receives-cdsco-approval-for-durvalumab-indication-in-cancer-treatment,"New Delhi, February 10 (IANS) AstraZeneca Pharma India Limited on Tuesday said it has received permission from the Central Drugs Standard Control Organisation (CDSCO) to sell and distribute Durvalumab solution for infusion used in cancer treatment for an additional indication.In its latest stock exchange filing, the drug company said that through this approval, “Durvalumab in combination with carboplatin and paclitaxel is indicated for the first-line treatment of adults with primary advanced or recurrent endometrial cancer who are candidates for systemic therapy, followed by maintenance treatment with Durvalumab as monotherapy in endometrial cancer that is mismatch repair deficient (dMMR)”.According to the filing, “This is to inform that AstraZeneca Pharma India Limited has received permission from the Central Drugs Standard Control Organisation, Directorate General of Health Services, Government of India to import for sale and distribution of Durvalumab Solution for Infusion 120 mg/2.4 mL and 500 mg/10 mL (Brand Name: Imfinzi) for an additional indication,” said AstraZeneca Pharma India Ltd.The receipt of this permission paves way for the marketing of Durvalumab Solution for “Infusion 120 mg/2.4 mL and 500 mg/10 mL (Imfinzi) in India for the specified additional indication, subject to the receipt of related statutory approvals, if any,” the filing further said.Earlier, AstraZeneca Pharma India had announced the CDSCO approval for Durvalumab in combination with FLOT chemotherapy (fluorouracil, leucovorin, oxaliplatin and docetaxel) as the first and only perioperative immunotherapy approach for adult patients with resectable gastric or gastroesophageal junction adenocarcinoma (GC/GEJC), showing survival benefit.Based on the results from the ‘phase III MATTERHORN’ study, the approval allows the addition of Durvalumab to FLOT chemotherapy for patients in the neoadjuvant and adjuvant settings, followed by single agent durvalumab, reflecting a comprehensive perioperative approach aimed at reducing recurrence risk and improving long-term outcomes.Gastric cancer remains a major health challenge in India, ranking as the seventh most common cancer with over 64,000 new cases diagnosed annually, and the sixth leading cause of cancer-related deaths.Around half of gastric and gastroesophageal junction cancers are diagnosed at a resectable stage, where surgery combined with peri-operative chemotherapy is the standard of care. Despite treatment with FLOT, five-year survival remains below 50%, and recurrence rates are high within two years of surgery, underscoring the need for more effective peri-operative options.“We are transforming cancer care in India. Patients with resectable gastric and gastroesophageal junction cancers face high recurrence risk. Backed by the MATTERHORN study, this approval brings immunotherapy earlier in the treatment pathway, significantly improving survival,” said Praveen Rao Akkinepally, Country President and Managing Director, AstraZeneca Pharma India Limited.","health, top"
40,Jane Street recruitment at IITs continues amid ongoing Sebi proceedings: Report,cnbctv18,2026-02-10 12:32:38,https://www.cnbctv18.com/education/jane-street-recruitment-at-iits-continues-amid-ongoing-sebi-proceedings-report-ws-l-19846871.htm,"Jane Street has extended IIT offers for Hong Kong roles through PPOs, even as its case with Sebi moves to the Securities Appellate Tribunal.","business, top"
41,Lalbaba Engineering Limited Signs MoU under Government of India's PLI Scheme for Specialty Steel,theweek_in,2026-02-10 12:32:32,https://www.theweek.in/wire-updates/business/2026/02/10/lalbaba-engineering-limited-signs-mou-under-government-of-indias-pli-scheme-for-specialty-steel.html,"NEW DELHI, Feb. 10, 2026 /PRNewswire/ -- Lalbaba Engineering Limited, Kolkata-headquartered integrated manufacturer of seamless tubes, has signed a Memorandum",business
42,India-US trade deal global cues buoy buying in equity markets for 3rd straight session,theweek_in,2026-02-10 12:32:25,https://www.theweek.in/wire-updates/business/2026/02/10/india-us-trade-deal-global-cues-buoy-buying-in-equity-markets-for-3rd-straight-session.html,"Mumbai, Feb 10 (PTI) Stock market benchmarks Sensex and Nifty rallied for the third straight session on Tuesday",business
43,India Post NSE ink pact to expand mutual fund access across India,theweek_in,2026-02-10 12:32:24,https://www.theweek.in/wire-updates/business/2026/02/10/india-post-nse-ink-pact-to-expand-mutual-fund-access-across-india.html,"New Delhi, Feb 10 (PTI) The Department of Posts (DoP) and the National Stock Exchange of India on Tuesday signed",business
44,Why did Gold ETFs sparkle & Equity MF investments declined in January,news9live,2026-02-10 12:26:00,https://www.news9live.com/business/markets/why-did-gold-etfs-sparkle-equity-mf-investments-declined-in-january-2928973,"Gold ETFs saw a record Rs 24,040 crore inflow in January 2026, outperforming equity mutual funds for the first time. This surge reflects gold’s superior performance, safe-haven appeal, and portfolio rebalancing amid market volatility. Meanwhile, equity investments declined due to cautious investor sentiment and geopolitical concerns, prompting a shift towards commodities like gold and silver.",business
45,Apple iPhone 17 Croma Sale: E-Commerce Website Offers Major Discounts and Deals on iPhone 17 Series; Check Valentine’s Day 2026 Discount,latestly,2026-02-10 12:24:33,https://www.latestly.com/technology/apple-iphone-17-croma-sale-e-commerce-website-offers-major-discounts-and-deals-on-iphone-17-series-check-valentines-day-2026-discount-7309023.html,"Croma has introduced a Valentine's Day deal on the iPhone 17, bringing its effective price down to INR 47,742 through stacked offers. The promotion includes an INR 8,000 exchange bonus, bank cashback, and trade-in incentives. Running until February 15, the sale makes Apple’s latest 120Hz-display smartphone accessible at mid-range pricing.",technology
46,Gold shines on,forbesindia,2026-02-10 12:17:20,https://www.forbesindia.com/article/upfront/take-one-big-story-of-the-day/gold-shines-on/2991226/1,"A range of factors emerging from America—which involve US President Donald Trump’s proposed actions relating to the massive debt the economy faces and future tariff action—are influencing countries to move away from the dollar (de-dollarisation) and make investments in safe asset classes such as gold.This factor, along with sustained buying of the yellow metal by central banks in recent years (see chart) and subdued interest rates in some economies, has meant that international gold prices have risen. Globally, gold prices rose nearly 65 percent last calendar year, ending 2025 at around $4,333 per troy ounce. Ongoing geopolitical tensions across the Middle East, Venezuela and uncertainties over fresh sanctions elsewhere have seen international gold prices rise a further 10 percent to record levels in the new year.The other precious metal, silver, has been more volatile and has risen even more sharply in the past 12 to 15 months. Globally, silver prices surged over 150 percent in calendar year 2025, ending the year at around $75 per troy ounce. In 2026, silver prices have risen a further 30 percent. For the past five years, silver has been in a chronic supply deficit, but it has remained an irreplaceable industrial metal. Now, Kotak Securities, in a January report, says: “The silver market is entering a volatile, asymmetric and potentially historic phase.”However, even while returns on silver are higher, it is far more volatile and dependent on supply from Mexico (a 22 percent market share), Peru (about 16 percent) and China (around 12 percent). China is also the world’s largest silver consumer, utilising around 65 percent of global production.Returns to ModerateChintan Haria, principal investment strategist at ICICI Prudential AMC, suggests that silver is just too volatile for new investors to plan investments in. “I am not in the camp that feels silver should be bought now; it would be prudent not to participate. When commodities get financialised, one needs to be worried,” he tells Forbes India. Financialisation of commodities is when financial institutions and markets become the dominating and influencing force—rather than production and demand—in determining the value of a commodity.Haria stands out as being among the earliest to have advised investors to reallocate their portfolios towards precious metals—hiking it up to 15 percent from a traditional 5 to 10 percent. “I am now suggesting that this be brought down to 10 percent, with 7 percent in gold and 3 percent in silver,” he adds. “The returns for gold and silver will get moderated in 2026.”However, Haria maintains that he is not losing his faith in gold and its intrinsic strength as a store of value. “Putting a number to gold is foolhardy because gold has strong central bank backing and is the biggest store of value.” He maintains that most central banks across the world will continue to purchase gold in 2026.Natasha Kaneva, head of global commodities strategy at JP Morgan, says in the global financial institution’s international research report on gold, published in December 2025, “While this rally in gold has not, and will not, be linear, we believe the trends driving this rebasing higher in gold prices are not exhausted.” She adds: “The long-term trend of official reserve and investor diversification into gold has further to run. We expect gold demand to push prices toward $5,000/ounce by year-end 2026.”As of January 28, spot gold prices had already crossed $5,300 level, before scaling back a bit on profit taking it to $5,278 levels. Overall, JP Morgan Global Research forecasts prices to average $5,055/ounce by the final quarter of 2026, rising towards $5,400/ounce by the end of 2027.The JP Morgan research team is bullish on further central bank buying. “We continue to lean on the relationship between tonnes of quarterly investor and central bank demand and prices to derive our gold price forecast,” Gregory Shearer, head of base and precious metals strategy at JP Morgan, says in the report.The report forecasts around 585 tonnes of quarterly investor and central bank demand on average, comprising around 190 tonnes a quarter from central banks, 330 tonnes a quarter in bar and coin demand, and 275 tonnes of annual demand from ETFs and futures, mainly front-loaded over the next year.Weak Jewellery DemandThe World Gold Council in India said the country saw record demand for gold ETFs in 2025, with net inflows of $4.9 billion and net demand of 37 tonnes—the highest on record—accounting for 5 percent of global gold ETF flows and demand, its January 16 report shows.Assets under management (AUM) of gold ETFs grew to ₹1,279 billion ($14.2 billion), increasing India’s share in global gold ETF AUM to 2.5 percent in 2025 from 1.9 percent in 2024.“Elevated gold prices have tempered gold jewellery purchase volumes and average ticket sizes, as consumers adhere to fixed budgets and shift towards lightweight jewellery with lower making charges,” Kavita Chacko, research head at WGC India, says in a note on its website.So while 22K gold jewellery remains the preferred choice, demand for lower-purity jewellery, particularly 18k and 14K, has seen an uptick, reflecting heightened price sensitivity, she adds. “Needs-based wedding purchases remain steady, providing key support to overall jewellery demand,” she says.Satish Dondapati, fund manager (ETF) at Kotak Asset Management Company (AMC), says central banks buying globally, along with portfolio diversification and reallocation, have also kept demand for gold sustained.However, Dondapati says wealth managers continue to advise individuals to increase their exposure to gold and silver to 15 to 20 percent, from 5 to 10 percent historically. “We have never seen this type of global economic uncertainty, which continues to reflect in global gold prices,” he tells Forbes India.With gold touching the record $5,000 level, Dondapati says “there is a potential for gold to rise further”. Even if global uncertainty and the escalation of wars subside, or there is a pause in rate cuts, global gold prices may come down for a short period. “But the fundamental support for gold remains. We may see a 10 to12 percent fall in gold prices from record levels, but over the medium (nine months to a year) to long term (three to five years), we are still bullish on gold reaching higher levels,” he says.Dondapati says gold purchases from global central banks are expected to continue. But unlike the last three years up to 2022, this year could see slightly lower buying from central banks, he adds. “Russia has sold some of its gold to meet its fiscal deficit.”Currencies, unlike gold, have been prone to policy changes and market fluctuations. For decades now, the dollar has been losing ground as a store of value to gold. Hong Kong-based precious metals broker J Rotbart & Co, in its blog, says the dollar’s share in global reserves fell to a 30-year low of 56.3 percent in mid-2025 from 71 percent in 1999, according to the IMF’s Currency Composition of Official Foreign Exchange Reserves report.While it is tough to predict the dollar’s movement from here, experts do believe it will go lower. This is based on the assumption that the US will continue to print more dollars to service its debt of $37 trillion in 2025. This will cause further inflation and erode trust in the currency. In this scenario, gold continues to gain ground as an alternative.For India, even as gold prices rise, investors should rule out the kind of high returns seen in 2025. ICICI Prudential AMC’s Haria advises new investors—who have never invested in gold or silver—to go through the systematic investment plan route. “They need to be patient,” he says. Haria also believes that Indian equities could emerge as a better risk-reward proposition, considering stock markets rose just 9 to 10 percent in 2025.Kotak AMC’s Dondapati says new investors in precious metals should “make investments in a staggered manner”.","business, top"
47,Sebi Plans To Lower Minimum Investment In Social Impact Funds To Rs 1000 From Existing Rs 2 Lakh - Who Should Invest?,outlookmoney,2026-02-10 12:06:04,https://www.outlookmoney.com/news/sebi-lowers-social-impact-fund-minimum-investment-limit-for-individual-investors-to-rs-1000-from-current-rs-2-lakh,"Sebi is considering lowering the minimum investment limit in Social Impact Funds from Rs 2 lakh to Rs 1,000. Read on to know who should invest in these funds.",business
48,AstraZeneca Pharma India receives CDSCO approval for Durvalumab indication in cancer treatment,ibtimes,2026-02-10 11:57:17,https://www.ibtimes.co.in/astrazeneca-pharma-india-receives-cdsco-approval-durvalumab-indication-cancer-treatment-897991,AstraZeneca Pharma India has received approval from the CDSCO to sell and distribute Durvalumab (Imfinzi) for an additional cancer indication in India. The approval allows the use of Durvalumab in combination with carboplatin and paclitaxel as first-line treatment for adults with advanced or recurrent endometrial cancer.,"health, top"
49,Residential real estate: Decoding why 500075 in Hyderabad is India’s bestselling pincode,livemint,2026-02-10 11:48:45,https://www.livemint.com/industry/hyderabad-neopolis-real-estate-boom-11770719932403.html,"The 500075 pincode, enveloping areas such as Neopolis, Kokapet and Narasingi in Hyderabad, recorded the highest residential sales by value in the country in 2025. Here’s why developers are flocking to the area.","business, top"
50,Governance experts red-flag two recent Zee disclosures,moneycontrol,2026-02-10 11:47:09,https://www.moneycontrol.com/news/business/governance-experts-red-flag-two-recent-zee-disclosures-13821923.html,The company told its investors that promoter group would not be hiking their stake in the company,"business, top"
51,MSE rejects report that claimed Sebi is stalling its entry into equity derivatives,economictimes_indiatimes,2026-02-10 11:43:52,http://economictimes.indiatimes.com/markets/stocks/news/mse-rejects-report-that-claimed-sebi-is-stalling-its-entry-into-equity-derivatives/articleshow/128157036.cms,"MSE rejected a Reuters report claiming Sebi stalled its derivatives entry, calling it misleading. The exchange said it is fully operational, faces no regulatory bar, and continues engaging Sebi while strengthening systems, liquidity and market depth for sustainable growth ahead.",business
52,NSE calls for STT review: F&O transaction costs impact hedging investors,news9live,2026-02-10 11:41:00,https://www.news9live.com/business/markets/nse-calls-for-stt-review-fo-transaction-costs-impact-hedging-investors-2928946,"The NSE expects a review of the recent Securities Transaction Tax (STT) hike on Futures and Options (F&O), which increased transaction costs.",business
53,"SIP contributions rise 17% YoY to ₹31,000cr in January",newsbytesapp,2026-02-10 11:36:24,https://www.newsbytesapp.com/news/business/sip-contributions-rise-17-yoy-to-rs-31-000cr-in-january/story,"Systematic Investment Plans (SIPs) have shown resilience in the face of market volatility, with monthly contributions remaining consistent at ₹31,002 crore.","business, top"
54,Household Gold Value Crosses $5 Trillion! Higher Than India’s GDP - Why Even RBI Is Stockpiling the Yellow Metal,timesnownews,2026-02-10 11:23:44,https://www.timesnownews.com/business-economy/economy/household-gold-value-crosses-5-trillion-higher-than-indias-gdp-why-even-rbi-is-stockpiling-the-yellow-metal-article-153591475,"The value of gold owned by Indian households has reached an unprecedented $5 trillion, surpassing India’s projected GDP for 2025-26.","business, top"
55,"Oil India Q3 results: Net profit dips 11% to Rs 1,195 crore; declares Rs 7 dividend",businesstoday,2026-02-10 11:20:11,https://www.businesstoday.in/markets/stocks/story/oil-india-q3-results-net-profit-dips-11-to-rs-1195-crore-declares-rs-7-dividend-515477-2026-02-10,"The company board has approved the divestment of its 50 per cent stake in Licence-61, Russia, held through its subsidiary, Oil India International B.V.","business, top"
56,Dead economy Only thing that is dead is certain people's confidence in India says Milind Deora,theweek_in,2026-02-10 11:17:28,https://www.theweek.in/wire-updates/national/2026/02/10/dead-economy-only-thing-that-is-dead-is-certain-peoples-confidence-in-india-says-milind-deora.html,"New Delhi, Feb 10 (PTI) Taking a dig at Rahul Gandhi's ""dead economy"" remarks on India, which echoed comments made",world
57,AstraZeneca India wins CDSCO approval for Durvalumab in cancer,assamtribune,2026-02-10 11:14:01,https://assamtribune.com/health-and-fitness/astrazeneca-india-wins-cdsco-approval-for-durvalumab-in-cancer-1607108,"New Delhi, Feb 10: AstraZeneca Pharma India Limited on Tuesday said it has received permission from the Central Drugs Standard Control Organisation (CDSCO) to sell and distribute Durvalumab solution...",health
58,"Stock Market Highlights: Sensex settles 208 pts higher at 84,273; Nifty up 67 pts at 25,935",thehindubusinessline,2026-02-10 11:09:43,https://www.thehindubusinessline.com/markets/share-market-nifty-sensex-updates-10th-february-2026/article70610658.ece,"Sensex, Nifty, Share Prices: Sensex settles 208.17 points or 0.25% positive at 84,273.92, and Nifty 50 rises by 67.85 points or 0.26% to 25,935.15","business, top"
59,"Business News | Indian Stock Indices Extend Gains over US Trade Deal, Positive Global Cues",latestly,2026-02-10 11:06:28,https://www.latestly.com/agency-news/business-news-indian-stock-indices-extend-gains-over-us-trade-deal-positive-global-cues-7308931.html,"Get latest articles and stories on Business at LatestLY. Indian stock indices settled higher on Tuesday, extending gains from the previous session, with analysts attributing it to the interim trade deal with the US, the possible return of foreign institutional investors, and positive cues from other Asian markets.","business, top"
60,'Stocks To Last 74 Days': What Are India's Strategic Petroleum Reserves And Where Are They Stored?,news18,2026-02-10 11:01:20,https://www.news18.com/explainers/stocks-to-last-74-days-what-are-indias-strategic-petroleum-reserves-and-where-are-they-stored-ws-l-9892601.html,India’s Strategic Petroleum Reserves (SPR) are emergency stocks of crude oil held by the government to safeguard the nation against major disruptions in global supply.,"business, top"
61,Topband Marks 30 Years: From Local Controller Manufacturer to Global Intelligent Solutions Partner,en_prnasisa,2026-02-10 11:01:00,https://en.prnasia.com/story/522014-0.shtml,"SHENZHEN, China, Feb. 10, 2026 /PRNewswire/ -- Shenzhen Topband Co., Ltd. (Stock Code: 002139.SZ) marks its 30th anniversary, reflecting three decades of evolution that mirrors the broader transformation of Chinese manufacturing — from domestic capability-building to global innovation partnership and sustainable operations. Topband Building From Local Innovation to Global Integration Founded in the 1990s, Topband independently developed core controller technologies, beginning with air-conditioning controllers and expanding across appliance categories to earn international recognition. This foundation enabled Topband to develop its integrated ""Four Electrics and One Network"" technology platform — encompassing control systems, motors, batteries, power supplies, and IoT connectivity. As the global intelligent control market evolved and customer requirements became more complex, this integrated capability positioned Topband to expand beyond home appliances into power tools, industrial controls, digital energy systems, and robotics. Today, the company serves leading brands worldwide, including first-tier global power tool companies and multiple Top 100 home appliance brands, reflecting its evolution from specialized component supplier to comprehensive solutions partner. Operational Excellence Supporting Customer Success Through implementation of ISC (Integrated Supply Chain) and IPD (Integrated Product Development) frameworks, Topband built a customer-centric organization designed for efficient collaboration from initial concept through mass production. This integrated operational system enables true end-to-end solutions — from R&D and engineering through manufacturing and delivery — allowing customers to consolidate supplier relationships, reduce development complexity, and accelerate time-to-market. To date, Topband has delivered 1.8 billion intelligent solutions globally. Since its 2007 IPO, the company has achieved over 20-fold revenue growth, demonstrating operational resilience and the ability to scale capabilities in response to market demands. Localized Manufacturing for Global Markets Topband's technology capabilities are supported by a diversified global manufacturing network designed to meet evolving supply chain requirements. While facilities in China provide established, cost-effective production, operations in India, Vietnam, Romania, and Mexico offer localized supply with consistent quality and responsiveness across Asia, Europe, and the Americas. ""Our goal extends beyond global manufacturing to creating genuine value in each market we serve,"" said Mr. Wu, Chairman and CEO. ""This means delivering not just products, but responsive partnership — providing rapid, localized delivery and flexible support that adapts to regional needs and launch timelines."" By 2025, Topband's production outside China is projected to exceed 20% of total output, reflecting the company's strategic commitment to distributed manufacturing. Currently, international clients represent 70% of the customer base, underscoring deep integration into global supply networks. Sustainable Operations as a Long-Term Commitment Since 2022, Topband's Chinese facilities have deployed on-site photovoltaic solar systems generating clean energy for production operations. In 2024, the company earned EcoVadis Gold certification, placing it in the top 5% of assessed enterprises globally — validating sustainability performance across environmental impact, labor practices, ethics, and sustainable procurement. Beyond environmental stewardship, Topband maintains substantial investment in innovation. The company's R&D team of about 2,000 professionals is supported by consistent annual investment of approximately 8% of revenue — a commitment maintained even during market volatility. Positioned for the Next Chapter ""From a team of 20 to nearly 10,000 employees worldwide, Topband's 30-year journey reflects the evolution of Chinese manufacturing itself — from learning and adaptation to innovation and global partnership,"" said Mr. Wu, Chairman and CEO. ""Looking forward, we remain committed to delivering quality, sustainability, and responsive collaboration that creates lasting value for customers and stakeholders worldwide."" As artificial intelligence reshapes manufacturing, Topband is actively expanding into AI energy infrastructure, embodied intelligence, industrial automation, and smart hardware — translating advanced technology into practical solutions. About Topband Topband (Stock Code: 002139.SZ) is a global provider of intelligent control solutions and integrated components, serving leading brands in home appliances, power tools, industrial controls, digital energy, and robotics. With R&D and manufacturing facilities across China, India, Vietnam, Romania, and Mexico, Topband delivers localized, sustainable solutions to customers worldwide. For more information, visit https://www.topband.com/en.","top, technology"
62,Topband Marks 30 Years: From Local Controller Manufacturer to Global Intelligent Solutions Partner,prnewswire_apac,2026-02-10 11:01:00,https://www.prnewswire.com/apac/news-releases/topband-marks-30-years-from-local-controller-manufacturer-to-global-intelligent-solutions-partner-302683611.html,"SHENZHEN, China, Feb. 10, 2026 /PRNewswire/ -- Shenzhen Topband Co., Ltd. (Stock Code: 002139.SZ) marks its 30th anniversary, reflecting three decades of evolution that mirrors the broader transformation of Chinese manufacturing — from domestic capability-building to global innovation...","technology, business"
63,Foreign Institutional Investors Return To Indian Markets With Over $2 Billion Inflows,thecsrjournal,2026-02-10 11:00:20,https://thecsrjournal.in/foreign-institutional-investors-return-to-indian-markets-with-over-2-billion-inflows/,"Foreign institutional investors have made a notable return to the Indian stock market, with net purchases exceeding $2 billion over the last nine trading sessions, according to provisional exchange data. The renewed inflow has supported a rally on Indian stock exchanges, reflecting a shift in investor sentiment after months of cautious behaviour and outflows in [...]The post Foreign Institutional Investors Return To Indian Markets With Over $2 Billion Inflows appeared first on The CSR Journal.","business, top"
64,"Filatex India’s textile recycling plant to start by September, eyes ₹300-350 crore revenue",cnbctv18,2026-02-10 10:55:42,https://www.cnbctv18.com/business/companies/filatex-to-commission-textile-recycling-plant-by-september-targets-rs-300-350-crore-revenue-at-full-capacity-q3-earnings-results-boardroom-19846704.htm,"Madhusudan Bhageria, Chairman and Managing Director, Filatex India said FTAs with global markets may support export growth over time, although exports currently contribute about 2–3% of revenue due to China's cost advantage in polyester raw materials.",business
65,"Telecom dept’s limited powers, SIM misuse aid digital arrests—Centre pushes for SIM binding in SC",theprint,2026-02-10 10:52:47,https://theprint.in/judiciary/telecom-depts-limited-powers-sim-misuse-aid-digital-arrests-centre-pushes-for-sim-binding-in-sc/2850633/,Submissions by Department of Telecommunications form part of a suo motu writ petition being heard by the apex court on digital arrest scams.,politics
66,Higher than India’s GDP: Value of household gold at record high of over $5 trillion - why even RBI is buying the yellow metal,toi,2026-02-10 10:51:04,https://timesofindia.indiatimes.com/business/india-business/higher-than-indias-gdp-value-of-household-gold-at-record-high-why-even-rbi-is-buying-the-yellow-metal/articleshow/128154264.cms,"A recent Morgan Stanley report in October 2025 even pegs the total amount of household gold with Indians stands at 34,600 tonnes! However, it is important to understand that the two concepts - value of household gold and India’s GDP - differ fundamentally in terms of stock and flow concepts.","business, top"
67,Why Tusshar Kapoor’s Real-Estate choices reflect a growing investor mindset in India,toi,2026-02-10 10:49:53,https://timesofindia.indiatimes.com/real-estate/news/why-tusshar-kapoors-real-estate-choices-reflect-a-growing-investor-mindset-in-india/articleshow/128154907.cms,"Actor Tusshar Kapoor revealed his preference for real estate investments over traditional glamour and market volatility. He highlighted practical housing choices, favouring affordable and ready-to-move-in properties, and expressed interest in emerging smart cities for future growth, reflecting a new urban investor mindset.",entertainment
68,AMFI Data: Gold ETF Receives Massive Investment Amid Price Rally; Inflows Soar Over 100% In January; Details,english_jagran,2026-02-10 10:37:10,https://www.thedailyjagran.com/business/amfi-data-gold-etf-receives-massive-investment-amid-price-rally-inflows-soars-over-100-pc-in-january-10297872,"Gold ETF,Gold ETF Inflow In January,Gold ETF inflow,Equity mutual fund inflow,AMFI mutual fund data,Overall mutual fund AUM,Gold ETF inflow January 2026,Reasons for equity mutual fund inflow decline,Impact of global geopolitical situations on gold prices,Flexible capital funds performance India","business, top"
69,Adani facing US probe over imports of Iranian oil,newsbytesapp,2026-02-10 10:36:05,https://www.newsbytesapp.com/news/business/us-treasury-probing-adani-over-iranian-oil-imports-report/story,The US Treasury Department has sought information from Adani Enterprises over allegations of importing Iranian oil products into India.,top
70,"Solar stocks: Why Elara prefers Vikram Solar, Emmvee over Waaree & Premier Energies",businesstoday,2026-02-10 10:33:41,https://www.businesstoday.in/markets/stocks/story/solar-stocks-why-elara-prefers-vikram-solar-emmvee-over-waaree-premier-energies-515458-2026-02-10,"Elara Capital has initiated coverage on four renewable energy equipment manufacturers: Waaree Energies, Premier Energies, Emmvee Photovoltaic Power, and Vikram Solar.","business, top"
71,"Aadhaar Card Update: How To Change Your Mobile Number On Aadhaar Card Online? Check Cost, Step-By-Step Guide",english_jagran,2026-02-10 10:32:57,https://www.thedailyjagran.com/india/aadhaar-card-update-how-to-change-your-mobile-number-on-aadhaar-card-online-check-cost-step-by-step-guide-10297883,"Aadhaar mobile number update online 2026,New mAadhaar app features 2026,How to update Aadhaar mobile number at home,How To Change Aadhaar mobile number without visiting center,Aadhaar Card Update Fee,Aadhaar Card","top, technology"
72,"Coriander, guar gum futures rise; Know expert view on support, resistance levels",news9live,2026-02-10 10:25:00,https://www.news9live.com/business/coriander-guar-gum-futures-rise-know-expert-view-on-support-resistance-levels-2928916,"Coriander is one of the most common elements in kitchens across the country. Guar gum is a natural thickening and stabilising agent which is used in a wide array of industries such as food products, oil drilling, textile printing and even mining. Speculative action was witnessed in both these commodities on Tuesday.",business
73,Manoj Bajpayees' Ghooskhor Pandat Row: Netflix Agrees To Change Movie Title After Massive Uproar By Brahmin Community,newsx,2026-02-10 10:18:18,https://www.newsx.com/entertainment/ghooskhor-pandat-row-netflix-agrees-to-change-movie-title-after-massive-uproar-by-brahmin-community-manoj-bajpayee-164644/,"Ghooskhor Pandat Row: Netflix will change the title of its upcoming film Ghooskhor Pandat after public outrage and legal pressure, blending cinematic drama with real-life politics, keeping audiences on edge for the next act.","top, entertainment"
74,"Stock market: Sensex rises 960 pts in 3 days, Nifty above 25,900; more upside ahead?",businesstoday,2026-02-10 10:17:40,https://www.businesstoday.in/markets/stocks/story/stock-market-sensex-rises-960-pts-in-3-days-nifty-above-25900-more-upside-ahead-515459-2026-02-10,"In the Sensex index, shares of State Bank of India (SBI), Tata Steel, Titan Company and UltraTech Cement hit their fresh 52-week high on BSE.","business, top"
75,"SEBI bars NCDEX and MSE from launching equity derivatives, urges focus on cash markets first",daijiworld,2026-02-10 10:10:22,https://daijiworld.com/news/newsDisplay?newsID=1306134,"Daijiworld Media Network – MumbaiMumbai, Feb 10: The Securities and Exchange Board of India (SEBI) has directed the country’s two newest exchanges – the National Commodity and Derivatives Exchange (NCDEX) and the Metropolitan Stock Exchange (MSE) – to halt plans....","business, top"
76,416% returns in six months! Multibagger small-cap stock under ₹50 jumps 3.5% following positive trends in Dalal Street,livemint,2026-02-10 10:00:09,https://www.livemint.com/market/stock-market-news/416-returns-in-six-months-multibagger-small-cap-stock-under-rs-50-jumps-3-5-following-positive-trends-in-dalal-street-11770715572409.html,"TAKE Solutions stock rose 3.5% to ₹46.30, reaching a 52-week high. The company plans to launch AI-enabled One Minute Clinics in India, targeting preventive healthcare.","business, top"
77,AIA research reveals ingrained health stereotypes are holding back wellbeing in Asia,thehindu,2026-02-10 09:57:10,https://www.thehindu.com/brandhub/pr-release/aia-research-reveals-ingrained-health-stereotypes-are-holding-back-wellbeing-in-asia/article70614732.ece,AIA research reveals ingrained health stereotypes are holding back wellbeing in Asia,"health, top"
78,"SBI Shares Surge 65% In A Year, Add Nearly Rs 40,000 Crore To LIC’s Stake Value",news18,2026-02-10 09:50:36,https://www.news18.com/business/markets/sbi-shares-surge-65-in-a-year-add-nearly-rs-40000-crore-to-lics-stake-value-9892483.html,"Over the past year, SBI shares have rallied 67.5 per cent, emerging as one of the top performers in the Nifty 50 index",business
79,Silver prices fall: Why Silver inventories on Shanghai Futures Exchange crashed,news9live,2026-02-10 09:50:00,https://www.news9live.com/business/markets/silver-prices-fall-why-silver-inventories-on-shanghai-futures-exchange-crashed-2928901,"Silver futures dropped Tuesday, as silver fell 2% on MCX from profit booking and weak global markets. SHFE silver inventories plunged to 2015 lows, signaling physical shortage despite higher margins. Robust solar and EV demand sustains silver prices, but supply stress persists, making imports difficult amid high premium over COMEX.",business
80,"Lumax shares hit 20% upper circuit, scale 52-week high after strong Q3 earnings",cnbctv18,2026-02-10 09:48:47,https://www.cnbctv18.com/market/lumax-industries-q3-results-shares-hit-upper-circuit-scales-52-week-high-post-q3-earnings-ws-l-19846402.htm,"Lumax Industries shares hit the 20% upper circuit and a 52-week high after Q3 profit, revenue and EBITDA rose sharply, driving strong buying interest in the stock.",business
81,Why PB Fintech Cancelled its QIP Fundraise For Global Expansion,medianama,2026-02-10 09:46:41,https://www.medianama.com/2026/02/223-pb-fintech-withdraws-qip-plan/,"A proposed QIP, global ambitions, and a sudden reversal, PB Fintech’s latest move raises new questions.The post Why PB Fintech Cancelled its QIP Fundraise For Global Expansion appeared first on MEDIANAMA.",technology
82,"Battle of the banking giants: SBI vs HDFC Bank, which leads in earnings and returns",news9live,2026-02-10 09:46:00,https://www.news9live.com/business/battle-of-the-banking-giants-sbi-vs-hdfc-bank-which-leads-in-earnings-and-returns-2928849,The Indian banking sector is passing through period of great health. It is interesting to analyse the two giants of the Indian banking sector — State Bank of India and HDFC Bank. SBI posted its best every quarterly results in Q3Fy26 period.,business
83,"Startup news and updates: daily roundup (February 10, 2026)",yourstory,2026-02-10 09:45:32,https://yourstory.com/2026/02/startup-news-and-updates-daily-roundup-february-10-2026,"YourStory presents the daily news roundup from the Indian startup ecosystem and beyond. Here's the roundup for Tuesday, February 10, 2026.","business, top"
84,"Goldman Sachs Upgrades India CY26 Forecast: India-US Trade Deal Boosts GDP to 6.9%, CAD Falls, Rupee Strengthens",newsx,2026-02-10 09:42:29,https://www.newsx.com/business/goldman-sachs-upgrades-india-cy26-forecast-india-us-trade-deal-boosts-gdp-to-69-cad-falls-rupee-strengthens-164619/,"Goldman Sachs upgrades India’s 2026 growth forecast to 6.9% after India-US trade deal. CAD falls to 0.8%, Rupee strengthens, and investor confidence rises amid tariff reductions and economic stability.","business, top"
85,Hardeep Singh Puri: India Is 'Safe With Something Like 74 Days' Of Strategic Petroleum Reserves,businesstoday,2026-02-10 09:42:25,https://www.businesstoday.in/bt-tv/video/hardeep-singh-puri-india-is-safe-with-something-like-74-days-of-strategic-petroleum-reserves-515430-2026-02-10,"Union Minister Hardeep Singh Puri told Parliament that India is well-prepared to handle global energy shocks, citing strong economic growth and a robust petroleum infrastructure. Highlighting India’s vast east and west coast refinery network, Puri said the country is the world’s third-largest crude consumer, fourth-largest refining hub and fifth-largest exporter of petroleum products. He explained that India’s Strategic Petroleum Reserves are designed to protect against extreme global turbulence. While the International Energy Agency recommends 90 days of reserves, Puri said India currently has around 74 days of combined stock across caverns, refineries and floating storage, which he considers adequate for now, with scope for expansion ahead.","business, top"
86,Buy Amber Enterprises India; target of Rs 8617: Prabhudas Lilladher,moneycontrol,2026-02-10 09:38:56,https://www.moneycontrol.com/news/business/stocks/buy-amber-enterprises-india-target-of-rs-8617-prabhudas-lilladher-13821637.html,"Prabhudas Lilladher is bullish on Amber Enterprises India has recommended buy rating on the stock with a target price of Rs 8617 in its research report dated February 10, 2026.","business, top"
87,"Bail, but no breather: Delhi High Court flags SEBI ‘blind spots’ in CFO Neetika Suryavanshi disclosure case",news9live,2026-02-10 09:34:00,https://www.news9live.com/india/bail-but-no-breather-delhi-high-court-flags-sebi-blind-spots-in-cfo-neetika-suryavanshi-disclosure-case-2928895,"CFO Neetika Suryavanshi got bail, but scrutiny is far from over, as the Delhi High Court has raised serious concerns over transparency in SEBI’s disclosure framework.","crime, politics, top"
88,Gravita acquires Rashtriya Metal; Marico enters Vietnam’s premium beauty space with Skinetiq buy,vccircle,2026-02-10 09:31:48,https://www.vccircle.com/gravitaacquires-rashtriya-metal-marico-enters-vietnam-s-premium-beauty-space-with-skinetiq-buy,"Gravita India Ltd, a Rs 1.2 lakh crore market‐cap recycling major, has signed a binding agreement to acquire Rashtriya Metal Industries Ltd (RMIL) for...",business
89,Why Copper prices fell? Global inventory surge & expert’s forecast | Exclusive,news9live,2026-02-10 09:31:00,https://www.news9live.com/business/markets/why-copper-prices-fell-global-inventory-surge-experts-forecast-exclusive-2928883,"Copper futures declined sharply due to surging global inventories in LME and SHFE warehouses, coupled with muted domestic demand. Expert Ajay Kedia highlights continued pressure from rising stock levels. Despite current weakness, long-term forecasts remain optimistic for 2026-2027, driven by China’s strategic reserve plans, a weaker dollar, and geopolitical risks, offering a demand cushion amidst mixed global supply dynamics.",business
90,"LED display maker's stock in focus post order win from India Railways, check full details here",indiatvnews,2026-02-10 09:29:47,https://www.indiatvnews.com/business/markets/led-display-makers-stock-in-focus-post-order-win-from-india-railways-check-full-details-here-2026-02-10-1029638,"Shares of MIC Electronics, a Hyderabad-based maker of LED display systems and electronic equipment, are in focus as the company has announced the receipt of a fresh contract valued at approximately Rs 1.46 crore from the Firozpur Division of Northern Railway. The stock opened in green at Rs 42.37 against the previous close of Rs 42.09 on the BSE. Later, it touched the intraday high of Rs 42.76 and a low of Rs 41.55. Last seen, it was trading at Rs 41.80 with a dip of 0.69 per cent, and the market cap of the company stood at Rs 1,006.71 crore.",business
91,Dhanuka Agritech sees high single-digit growth in March quarter,cnbctv18,2026-02-10 09:28:45,https://www.cnbctv18.com/market/earnings/dhanuka-agritech-q3-results-guides-for-high-single-digit-growth-in-fourth-quarter-19846619.htm,"MK Dhanuka, Managing Director of Dhanuka Agritech, said the company expects revenues to remain largely flat in FY26, with only a marginal movement of 1–2%.",business
92,Max Healthcare flags pricing strain on oncology drugs but sees overall margin benefit,cnbctv18,2026-02-10 09:25:00,https://www.cnbctv18.com/business/companies/max-healthcare-flags-cghs-drug-pricing-impact-expects-net-margin-benefit-from-policy-changes-says-abhay-soi-q3-earnings-results-boardroom-19846617.htm,"Abhay Soi, Chairman and MD, Max Healthcare, expects continued growth in home healthcare and related services and sees reduced risk of insurance service disruptions after new agreements and operating mechanisms.",health
93,"Conviction buys: UltraTech, Dalmia Bharat and JK Cement offer up to 14% returns. Axis Direct explains why",economictimes_indiatimes,2026-02-10 09:22:05,http://economictimes.indiatimes.com/markets/stocks/news/conviction-buys-ultratech-dalmia-bharat-and-jk-cement-offer-up-to-14-returns-axis-direct-explains-why/articleshow/128151407.cms,"Axis Direct recommends UltraTech Cement, Dalmia Bharat and JK Cement after strong Q3 results, citing capacity expansion, rising demand and cost efficiencies. The brokerage sees upside potential of 8–14% as market share gains and margins improve over the medium term.",business
94,Embassy Developments Reports Nearly 240 QoQ Growth in Pre-sales in Q3 FY26 Key RERA Approvals Strengthen FY26 Outlook,theweek_in,2026-02-10 09:17:28,https://www.theweek.in/wire-updates/business/2026/02/10/embassy-developments-reports-nearly-240-qoq-growth-in-pre-sales-in-q3-fy26-key-rera-approvals-strengthen-fy26-outlook.html,"Bengaluru | Mumbai, India (NewsVoir) Embassy Developments Limited (“EDL” or “The Company”) (NSE: EMBDL / BSE: 532832) today announced its",business
95,Shriram Life Insurance launches Zaroorat Jaisi Policy Vaisi A Fully AI-Created Ad Film Campaign featuring Rahul Dravid,theweek_in,2026-02-10 09:17:27,https://www.theweek.in/wire-updates/business/2026/02/10/shriram-life-insurance-launches-zaroorat-jaisi-policy-vaisi-a-fully-ai-created-ad-film-campaign-featuring-rahul-dravid.html,"• AI captured Rahul Dravid's expressions, voice, and movements. These shots formed the foundation for all AI-generated versions of films",business
96,"Which sectors to star in 2026? IT cos have dumbest managements, says Ajay Srivastava; prefers monopolies",economictimes_indiatimes,2026-02-10 09:16:21,https://economictimes.indiatimes.com/markets/expert-view/which-sectors-to-star-in-2026-it-cos-have-dumbest-managements-says-ajay-srivastava-prefers-monopolies/articleshow/128150903.cms,"Despite a strong 2025, 2026 presents challenges. Ajay Srivastava highlights monopoly businesses like stock exchanges as key winners, while criticizing Indian IT management. He advises investors to seek technology exposure in US markets and maintain cash for volatility. Patience and selective stock picking are crucial amidst emerging US trade deal uncertainties.","business, top"
97,"Fractal Analytics, Aye Finance IPOs see tepid day 2 response",thehindubusinessline,2026-02-10 09:13:52,https://www.thehindubusinessline.com/markets/fractal-analytics-aye-finance-ipos-see-tepid-day-2-response/article70614634.ece,"Both issues were subscribed only about 0.14 times and 0.15 times, respectively",business
98,"SIP Accounts Cross 102 Million As January Inflows Touch Rs 31,000 Crore",abplive,2026-02-10 09:05:53,https://news.abplive.com/business/mutual-funds/sip-inflows-january-funds-mutual-funds-investment-savings-1826390,"Mutual fund Systematic Investment Plan (SIP) inflows reached Rs 31,000 crore in the month of January, second consecutive month when SIP inflows were Rs 31,000 crore or more, the data released by the Association of Mutual Funds in India (AMFI) showed on Tuesday.In December, the SIP inflows stood at Rs 31,002 crore. SIP inflows increased by 17 per cent year-on-year, from Rs 26,400 crore in January 2025.According to AMFI data, 7.4 million new SIP accounts were opened in January. Meanwhile, 5.5 million SIP accounts were closed during this period.Furthermore, the total number of SIP accounts in the country increased to 102.9 million, up from 101.1 million in December.The data further showed that SIP assets under management (AUM) declined to Rs 16.36 lakh crore in January from Rs 16.63 lakh crore in December. This is attributed to the market decline. SIPs account for 20.2 per cent of the overall mutual fund industry's AUM.According to the AMFI, investments in gold ETFs doubled to Rs 24,039.96 crore in January from Rs 11,647 crore in December. This indicates that people are prioritising safe investments like gold alongside the stock market.Investments in active equity mutual funds in January stood at Rs 24,029 crore, a decline of approximately 14 per cent from Rs 28,054 crore in December. This means investor confidence in the mutual fund industry remained strong.In November, equity funds saw an inflow of Rs 29,911 crore, compared to Rs 24,690 crore in October. In July 2025, equity funds saw the highest inflow of Rs 42,702 crore.However, January proved to be a good month for the overall mutual fund industry. Net investments during this period totalled Rs 1.56 lakh crore, compared to Rs 66,591 crore in December. This clearly indicates that investors are now turning to mutual funds again.(Disclaimer: This report has been published as part of the auto-generated syndicate wire feed. Apart from the headline, no editing has been done in the copy by ABP Live.)",business
99,"SIP inflows hit Rs 31,000 crore in Jan, 7.4 million new accounts opened",thehansindia,2026-02-10 09:00:55,https://www.thehansindia.com/business/sip-inflows-hit-rs-31000-crore-in-jan-74-million-new-accounts-opened-1047324,"Mumbai: Mutual fund Systematic Investment Plan (SIP) inflows reached Rs 31,000 crore in the month of January, second consecutive month when SIP inflows were Rs 31,000 crore or more, the data released...","business, top"
100,"India Wins 'Country Of The Year' At BIOFACH 2026: Showcases Organic Excellence, Heritage Rice, And Sustainable Agriculture",newsx,2026-02-10 08:57:52,https://www.newsx.com/business/india-wins-country-of-the-year-at-biofach-2026-showcases-organic-excellence-heritage-rice-and-sustainable-agriculture-164599/,"India takes the spotlight as Country of the Year at BIOFACH 2026, showcasing its diverse organic products, heritage rice varieties, and sustainable farming practices while boosting global trade and exports.","business, environment, top"
101,Gold ETF inflows eclipse mutual funds for first time as prices stay high,hindustantimes,2026-02-10 08:47:31,https://www.hindustantimes.com/business/gold-etf-inflows-eclipse-mutual-funds-for-first-time-as-prices-stay-high-101770712994141.html,"Net inflows into Gold ETFs surged to a record ₹24,040 crore in January 2026, slightly higher than mutual fund inflows of ₹24,030 crore.","business, top"
102,2 top stock recommendations from Vinay Rajani,economictimes_indiatimes,2026-02-10 08:47:27,https://economictimes.indiatimes.com/markets/expert-view/2-top-stock-recommendations-from-vinay-rajani/articleshow/128150112.cms,"Indian stock markets are advancing, approaching record levels. Experts see continued strength in the Nifty, with support at 25,600. Metals and PSU banks are identified as key performing sectors. Steel Authority of India and Bank of Maharashtra are highlighted as promising stock picks. Broader market participation is increasing as the earnings season concludes.","business, top"
103,"Hyderabad Police Chief is right about AI agent risk, not solutions",medianama,2026-02-10 08:45:31,https://www.medianama.com/2026/02/223-hyderabad-police-chief-ai-agent-risk-not-solutions/,"Hyderabad Police Chief’s suggestions on AI agent IDs and logging raise bigger questions about how agents can actually be regulated.The post Hyderabad Police Chief is right about AI agent risk, not solutions appeared first on MEDIANAMA.",technology
104,Foreign investors pull from Asian stocks as AI-driven tech rout spreads,channelnewsasia,2026-02-10 08:41:34,https://www.channelnewsasia.com/business/foreign-investors-pull-asian-stocks-ai-driven-tech-rout-spreads-5919891,Feb 10 : Foreign outflows from Asian stocks rose sharply in the first week of February as South Korea and Taiwan came under pressure from a global selloff in high-growth technology shares on concerns over the hefty AI-related capital spending.Foreign investors sold a net $9.79 billion worth of stocks in the w,"business, top"
105,Confused which fund to buy? Radhika Gupta lists five key checkpoints every investor should know before investing,economictimes_indiatimes,2026-02-10 08:38:51,https://economictimes.indiatimes.com/mf/analysis/confused-which-fund-to-buy-radhika-gupta-lists-five-key-checkpoints-every-investor-should-know-before-investing/articleshow/128149871.cms,"As investors struggle to choose the right mutual funds amid volatile markets, Edelweiss Mutual Fund CEO Radhika Gupta outlines five essential checkpoints to consider before investing. From building basic financial knowledge to seeking professional advice, she urges investors to focus on clarity, patience and long-term discipline rather than quick fixes.","business, top"
106,Who is Mrinank Sharma? Indian-Origin AI Safety Expert Who Resigned From Anthropic AI Sounds Alarm on Global Crises – Here’s What His Resignation Letter Said,newsx,2026-02-10 08:38:25,https://www.newsx.com/business/who-is-mrinank-sharma-indian-origin-ai-safety-expert-who-resigned-from-anthropic-ai-sounds-alarm-on-global-crises-heres-what-his-resignation-letter-said-164583/,"Mrinank Sharma, former Safeguards Research Team leader at Anthropic AI, resigned citing global crises and ethical concerns, aiming to explore AI risks, human behavior, and philosophical questions beyond technology’s reach.","top, technology"
107,"SEBI stalls new exchanges' entry into options market, sources say",thehindubusinessline,2026-02-10 08:37:03,https://www.thehindubusinessline.com/markets/sebi-stalls-new-exchanges-entry-into-options-market-sources-say/article70614508.ece,SEBI does not want new players to further fuelderivatives trading without first establishing an underlyingcash market,business
108,"FIIs may return to India; IT, BFSI, and pharma in focus, says Nuvama's Shiv Sehgal",cnbctv18,2026-02-10 08:35:59,https://www.cnbctv18.com/market/fiis-may-return-to-india-it-bfsi-pharma-could-see-investor-interest-nuvama-shiv-sehgal-trade-deals-alpha-article-19846424.htm,"Shiv Sehgal, President and Head at Nuvama Capital Markets, said IT stocks may recover after a correction, while the banking, financial services, and healthcare sectors could see investor interest. It added that India may move toward stock-specific investment strategies after the mid and small-cap correction.",business
109,"Food Delivery Stocks: Zomato, Swiggy Shares Jump Over 6% On Heavy Volumes",republicworld,2026-02-10 08:33:57,https://www.republicworld.com/business/food-delivery-stocks-zomato-swiggy-shares-jump-over-6-on-heavy-volumes,"The shares of online food delivery entities, Swiggy and Eternal, surged over 6% per cent on BSE Sensex in Tueday's intra-day trade, extending their previous trading session gains, amid heavy volumes.","business, top"
110,Suzlon Energy: Morgan Stanley advises caution on this stock; know the reason,news9live,2026-02-10 08:30:00,https://www.news9live.com/business/suzlon-energy-morgan-stanley-advises-caution-on-this-stock-know-the-reason-2928807,"Suzlon Energy is one of the key stocks in the renewable energy domain of India. Recently, Morgan Stanley has turned cautious on Suzlon Energy and the MNC brokerage downgraded the stock. To know the details of the trimming in target price and the reasons, read on.",business
111,"ED summons Anil Ambani, Tina Ambani: All about the Money Laundering Case",news9live,2026-02-10 08:24:00,https://www.news9live.com/business/biz-news/ed-summons-anil-ambani-tina-ambani-all-about-the-money-laundering-case-2928831,"The Enforcement Directorate (ED) is probing alleged Rs 40,000 crore money laundering involving Anil Ambani and Reliance Group, per Supreme Court directives. Tina Ambani was summoned regarding a Manhattan flat. The PMLA investigation also scrutinizes a “fraudulent” RCOM property sale and fund diversions, with the CBI also examining potential collusion.",business
112,"Tata Steel Hits Fresh All-Time High, Stock Up 4% For Second Day: What Should Investors Do?",news18,2026-02-10 08:21:57,https://www.news18.com/business/markets/tata-steel-hits-fresh-all-time-high-stock-up-4-for-second-day-what-should-investors-do-9892086.html,Tata Steel share rally extended for a second consecutive session as investors cheered the company’s better-than-expected Q3FY26 performance,business
113,Chalet Hotels sees strong 2-3 year growth run as demand-supply gap lifts earnings,cnbctv18,2026-02-10 08:21:30,https://www.cnbctv18.com/market/earnings/chalet-hotels-q3-results-sees-strong-2-3-year-growth-run-as-demand-supply-gap-lifts-hotel-earnings-19846429.htm,"Shwetank Singh, MD & CEO, Chalet Hotels said the company is sharpening its portfolio with the Athiva brand while keeping the balance sheet comfortable, supported by stable debt levels and sufficient headroom for future expansion and acquisitions.",business
114,Indian investors put more money into gold ETFs than equity mutual funds in January,theprint,2026-02-10 08:20:14,https://theprint.in/india/indian-investors-put-more-money-into-gold-etfs-than-equity-mutual-funds-in-january/2850851/,"Net inflows into gold ETFs surged to a record $2.654 billion, slightly higher than stock fund inflows of $2.653 billion, according to Association of Mutual Funds in India.",domestic
115,"Small-cap rally durable with more upside on fundamentals, liquidity: Bajaj Finserv AMC",cnbctv18,2026-02-10 08:19:37,https://www.cnbctv18.com/market/small-cap-rally-durable-nimesh-chandan-bajaj-finserv-amc-alpha-article-19846361.htm,"Nimesh Chandan, CIO of Bajaj Finserv AMC, remains bullish on cyclical sectors such as cement, metals and private banks, which he expects to benefit from the ongoing economic upcycle. However, he is cautious on the IT sector and believes it is likely to remain range-bound due to persistent negative sentiment and the lack of positive triggers.",business
116,Explained: Why Namma Metro Is India’s Costliest Public Transport System?,newsable_asianetnews,2026-02-10 08:18:47,https://newsable.asianetnews.com/karnataka-news/explained-why-namma-metro-is-india-costliest-public-transport-system-articleshow-ltf1fnv,"Namma Metro has become India’s costliest public transport system due to steep fare hikes, rising operating and maintenance costs, project delays, foreign loan repayments, and mounting debt, putting pressure on daily commuters.","business, top"
117,Who Is Dubai-Based Indian Millionaire Satish Sanpal Who Buys 3 Kg Gold Yearly For Wife?,menafn,2026-02-10 08:12:18,https://menafn.com/1110720944/Who-Is-Dubai-Based-Indian-Millionaire-Satish-Sanpal-Who-Buys-3-Kg-Gold-Yearly-For-Wife,"(MENAFN - AsiaNet News) Satish Sanpal has drawn attention after his wife Tabinda revealed he buys her 3kg of gold every year in Netflix's Desi Bling trailer. Founder of Anax Holding, Sanpal rose ...","business, top"
118,Explained: How SEBI intends to boost retail investments in social impact funds,vccircle,2026-02-10 08:03:41,https://www.vccircle.com/explainedhow-sebi-intends-to-boost-retail-investments-in-social-impact-funds,The Securities and Exchange Board of India has proposed a large cut in the minimum amount an individual investor can invest in social impact funds...,business
119,US zero-tariff clause for Bangladesh in trade deal: Are textile fears in India overblown?,economictimes_indiatimes,2026-02-10 07:59:09,https://economictimes.indiatimes.com/industry/cons-products/garments-/-textiles/us-zero-tariff-clause-for-bangladesh-in-trade-deal-are-textile-fears-in-india-overblown/articleshow/128146675.cms,"Indian textile stocks fell sharply following the US-Bangladesh trade agreement, which offers potential zero-tariff access for Bangladeshi textiles. This move raises concerns about India's competitive edge in the US market, despite earlier optimism surrounding the India-US trade framework. However, the actual impact remains uncertain due to unclear details of the exemption.","business, top"
120,"Zee needs board revamp and strategic investor, say governance experts",cnbctv18,2026-02-10 07:59:05,https://www.cnbctv18.com/market/zee-entertainment-shareholder-activism-board-overhaul-promoter-stake-alpha-article-19846338.htm,"Corporate governance experts Shriram Subramanian, Founder & MD of InGovern, and Hetal Dalal, President & CEO of Institutional Investor Advisory Services (IIAS), say Zee Entertainment needs a board overhaul and may require a strategic investor to take control of the company. They warn that without decisive shareholder action, the situation is likely to stagnate.",business
121,"How Smart Are Gold ETFs As An Investment? Benefits, Risks, And Tips Explained",newsx,2026-02-10 07:47:58,https://www.newsx.com/business/how-smart-are-gold-etfs-as-an-investment-benefits-risks-and-tips-explained-gold-investment-2026-digital-gold-sip-gold-etfs-gold-price-india-164529/,"Gold ETFs in 2026 offer safe, liquid, and low-cost investment alternatives to physical gold. Investors can enjoy digital security, portfolio protection, and easy trading while navigating price volatility cautiously.","business, top"
122,"Income Tax Rules 2026: New PAN limits for property, cash & vehicles Explained",news9live,2026-02-10 07:46:00,https://www.news9live.com/business/personal-finance/income-tax-rules-2026-new-pan-limits-for-property-cash-vehicles-explained-2928789,"The Income Tax Rules 2026, effective April 1, 2026, introduce major PAN rule changes. Higher limits apply for immovable property (Rs 20 lakh), cash transactions (Rs 10 lakh annually), vehicle purchases (over Rs 5 lakh), and hotel payments (over Rs 1 lakh). These reforms simplify tax compliance, reduce regulatory burdens, and offer significant relief, particularly for small traders, also introducing new rules for insurance and crypto reporting.",business
123,2700% Retuns In 5 Years: Multibagger Stock Jumps Over 4% Ahead Of Board Meeting; Know Share Price History,english_jagran,2026-02-10 07:43:37,https://www.thedailyjagran.com/business/stock-under-rs-30-2700-pc-retuns-in-5-years-multibagger-stock-jumps-over-4-ahead-of-board-meeting-share-price-history-10297835,"Spice Lounge Food Works stock,small-cap stock,Q3 results announcement,share price history,Spice Lounge Food Works share price today,stock under Rs 40 performance,Spice Lounge Food Works board meeting Q3 results,multibagger stock returns analysis","business, top"
124,"Scrap LTCG Tax On Equities For Individuals, Says Rajya Sabha MP Raghav Chadha Amid STT Hike",news18,2026-02-10 07:37:44,https://www.news18.com/business/tax/scrap-ltcg-tax-on-equities-for-individuals-says-rajya-sabha-mp-raghav-chadha-amid-stt-hike-9891997.html,Rajya Sabha MP Raghav Chadha has called on the government to abolish LTCG tax on equities for individual investors,business
125,"NSE, Department Of Posts To Expand Mutual Fund Products Across India",menafn,2026-02-10 07:30:52,https://menafn.com/1110720637/NSE-Department-Of-Posts-To-Expand-Mutual-Fund-Products-Across-India,"(MENAFN - IANS) New Delhi, Feb 10 (IANS) The National Stock Exchange of India (NSE) has signed a memorandum of understanding (MoU) with the Department of Posts to enable distribution of mutual fund ...",top
126,"SEBI stalls entry of NCDEX, Metropolitan Stock Exchange into options market: Report",moneycontrol,2026-02-10 07:27:46,https://www.moneycontrol.com/news/business/markets/sebi-stalls-entry-of-ncdex-metropolitan-stock-exchange-into-options-market-report-13821353.html,"SEBI stops two exchanges from offering equity options; regulator wants exchanges to build share-trading businesses first, says report","business, top"
127,Sebi stalls new exchanges' entry into options market: Report,economictimes_indiatimes,2026-02-10 07:26:15,http://economictimes.indiatimes.com/markets/options/sebi-stalls-new-exchanges-entry-into-options-market-report/articleshow/128147160.cms,"India's market regulator has halted new exchanges NCDEX and MSE from trading equity derivatives. SEBI insists they must first build robust share-trading businesses and demonstrate sufficient cash market liquidity. This move reflects caution over India's booming derivatives market, aiming to prevent further fueling without a solid underlying equity base.",business
128,"India-US Trade Pact Under Scanner: $500 Billion Pledge, Russian Oil, Farmers' Fears Explained",abplive,2026-02-10 07:25:59,https://news.abplive.com/business/us-india-trade-deal-scrutiny-agriculture-farmers-protest-oil-imports-from-russia-tariffs-donald-trump-narendra-modi-1826335,"The recently announced interim India-US trade framework was welcomed in financial markets with enthusiasm. Tariffs were cut, export sectors cheered, and policymakers projected confidence. However, once the initial euphoria settles, the contours of the deal appear more complex. Critical questions remain around tariff balance, agricultural safeguards, oil procurement, and the feasibility of a $500 billion purchasing commitment. As negotiations continue, the debate is shifting from celebration to scrutiny.The Tariff Question: Is The Deal Evenly Balanced?The United States has reduced tariffs on Indian goods to 18 per cent from 50 per cent. However, this reduction applies only to about 55 per cent of Indian exports currently facing reciprocal tariffs.In contrast, India has promised to reduce its standard tariffs on all US industrial goods and several food and agricultural products.The Delhi-based Global Trade and Research Initiative (GTRI), as cited by BBC, described this as suggesting an ""uneven exchange"". Opposition leaders, including former finance minister P Chidambaram, have argued that the framework is ""heavily tilted in favour of the US and the asymmetry is obvious"".Commerce Minister Piyush Goyal has defended the pact, stating that the 18 per cent tariff charged by the US is among the lowest faced by its trading partners. He has argued that the reduction will significantly benefit labour-intensive sectors such as textiles, leather, gems and jewellery.Most industry associations have welcomed the deal. But analysts say the real evaluation depends on the fine print, particularly product-level concessions and long-term tariff trajectories.The $500 Billion Pledge: Ambitious Or Unrealistic?One of the most striking elements of the framework is India’s stated intention to purchase $500 billion worth of US goods over five years.These purchases would include energy, aircraft, technology products and coking coal.Critics have questioned whether this target is achievable. According to GTRI, meeting the commitment would require India’s annual imports from the US to more than double every year. Since many of these imports depend on private sector decisions, including airlines, refiners and technology firms, government assurances alone may not be sufficient.Systematix Research, quoted by BBC, warned that such a commitment ""risks inflating India's import bill and eroding its trade surplus with the US"", potentially putting pressure on external balances over time.Goyal, however, has described the target as ""extremely conservative"", pointing to rising energy demand, aircraft purchases and expanding data centre infrastructure.The debate here is not merely about numbers, but about economic leverage: whether such a purchasing commitment could limit India’s flexibility in future negotiations.Russian Oil: The Most Politically Sensitive UnknownPerhaps the most sensitive unresolved issue concerns Russian oil.While US President Donald Trump stated that India was committed to halting Russian oil purchases, the joint statement itself does not contain such language.In a separate executive order, Trump said the US would monitor whether India resumed Russian oil purchases ""directly or indirectly"" and that this would determine whether a 25 per cent import duty would be re-imposed.Commerce Minister Piyush Goyal told news agency ANI that oil buying decisions are taken by ""individual companies"" and that the trade deal ""does not decide who will buy what and from where"".Russia has stated that it has received no indication from Delhi that supplies will stop.According to Reuters, some Indian refiners are avoiding new Russian oil purchases, although deliveries already contracted are continuing.The lack of an explicit Indian commitment has fuelled opposition criticism. Strategic affairs expert Brahma Chellaney wrote on X that by linking tariff relief to oil purchases, Washington had ""effectively weaponised trade to constrain Indian foreign policy"".The issue goes beyond energy procurement. It touches on India’s strategic autonomy and whether trade concessions could translate into geopolitical pressure.Farmers’ Fears: Agriculture Back In The Political SpotlightIf oil raises foreign policy concerns, agriculture raises domestic political ones.Reuters reported that Indian farm unions and opposition parties have called for nationwide protests, arguing that increased US agricultural imports could hurt the farm sector.The Samyukt Kisan Morcha (SKM), which led the large-scale farm protests in 2020-21, said the deal would allow imports of subsidised US farm products that could depress domestic prices and hurt rural incomes.Rakesh Tikait told Reuters, ""We are worried about the India-US trade deal, as it would hurt Indian farmers, who are far more vulnerable than their American counterparts.""He pointed out that US farmers benefit from larger landholdings and higher subsidies, while Indian farmers face weak infrastructure and rising cultivation costs.SKM national secretary Purushottam Sharma told the news agency, ""We will not allow the government to open up the Indian farm sector for American companies,"" adding that lower tariffs on crude soyoil, currently taxed at about 16.5 per cent, would hurt domestic oilseed producers.Apple growers have also voiced concern. The Kashmir Valley Fruit Growers-cum-Dealers Union urged Prime Minister Narendra Modi to impose import duties of more than 100 per cent on US apples, noting that more than 700,000 families depend on horticulture in key apple-producing states.The opposition Congress party has described the pact as a ""total surrender"" and questioned the lack of detailed product lists.The government maintains that staples such as rice, wheat, corn and dairy products remain protected, and that export opportunities for basmati rice, fruits, spices, coffee and tea will expand.But for farmers, the absence of full tariff schedules and product-line disclosures is creating distrust.What We Still Don’t KnowSeveral core uncertainties remain:•The exact list of ""additional agricultural products"" facing tariff reductions. • Whether the $500bn purchase intention is binding or indicative. • Whether future Russian oil purchases could trigger renewed US penalties.• How tariff reductions will interact with domestic subsidy disparities.Markets have responded positively. Indian stock indices rose sharply following the announcement, buoyed by expectations of lower tariffs and deeper economic ties.But trade agreements are rarely judged solely by initial investor sentiment. Their long-term impact depends on implementation, sectoral adjustment and political sustainability.A Deal Still In MotionThe interim framework is not yet a fully ratified treaty, and several operational details remain to be negotiated. That matters. Trade agreements often look very different once tariff schedules, safeguard clauses and enforcement mechanisms are published.At present, the agreement rests on broad commitments and political signalling. For policymakers, the challenge now is not merely to defend the deal, but to explain its mechanics with precision. For industry, the task is to convert headline tariff relief into measurable export gains. For farmers, the key concern is whether safeguards will prove durable once imports begin to flow.Markets may celebrate frameworks. But trade agreements are ultimately tested in warehouses, ports, mandis and balance sheets.The questions surrounding oil purchases, tariff symmetry and agricultural exposure are not peripheral, they sit at the centre of how this agreement will be judged in hindsight. Until those uncertainties narrow, the India-US trade deal remains a work in progress rather than a settled chapter.",business
129,Fractal Analytics IPO: GMP Indicates Firm Listing Prospects As AI Company’s Issue Enters Day 2 - Check Subscription Status,outlookmoney,2026-02-10 07:23:45,https://www.outlookmoney.com/invest/equity/fractal-analytics-ipo-gmp-indicates-firm-listing-prospects-as-ai-companys-issue-enters-day-2-check-subscription-status,Fractal Analytics IPO: GMP slides but shows strong interest as public issue enters the second day of subscription. Here are the details,business
130,"Gold Price On February 10th: Check 22K, 24K Rates In Your City Before Valentine's Day",newsable_asianetnews,2026-02-10 07:13:10,https://newsable.asianetnews.com/gallery/business/gold-price-on-february-10th-check-22k-24k-rates-in-your-city-before-valentine-day-0g3t5w5,"Gold Price: Although price of gold has been continuously increasing for past few months, today it remains unchanged. 22, 24-carat gold are selling at yesterday's prices. This report mentions today's gold rates in various cities including Kolkata","business, top"
131,Tracxn Tech hits 20% upper circuit after Mukul Agrawal purchases 20 lakh shares for Rs 6.6 crore,moneycontrol,2026-02-10 07:10:38,https://www.moneycontrol.com/news/business/markets/tracxn-tech-hits-20-upper-circuit-after-mukul-agrawal-purchases-20-lakh-shares-for-rs-6-6-crore-13821056.html,Bengaluru-based Tracxn Technologies operates on a Software-as-a-Service (SaaS) model and provides market intelligence on private companies.,"top, technology"
132,Is Your PAN Still Mandatory For Big Transactions? Check Out How Draft Income Tax Rules 2026 Change Everything,newsx,2026-02-10 07:09:46,https://www.newsx.com/business/is-your-pan-still-mandatory-for-big-transactions-check-out-how-draft-income-tax-rules-2026-change-everything-pan-quoting-rules-cash-cash-deposits-withdrawals-164506/,"The Draft Income Tax Rules 2026 increase PAN quoting thresholds across banking, property, vehicles, hospitality, and insurance. Crypto reporting and CBDC adoption add compliance changes, set for April 2026 implementation.","business, top"
133,"Asia stocks rise as Nikkei sets record, dollar drops By Reuters - Investing.com",google,2026-02-10 07:07:30,https://news.google.com/rss/articles/CBMitAFBVV95cUxOV21NcmlEZF9TaVZQZS1tX3Q0dXd1UDgyellEd0RIUXdfc3IwZmhELTZIeWFkcDdmRUJ0WVBKRjRGSE4wbTR4TTczdmkwR1ZDazFnX25qTTdxV3E1Rk5iWlV6QW1WU0syMnExSmFSVXlHZ0w3d3kxNk9RQXI4RjRBZXJBLTA4cTFGVUhid1E5VGdkWTZuR0g1YjIyZWFvQWplZGsydU5Od0lMWVFTOWdaWHRJN1E?oc=5,"Asia stocks rise as Nikkei sets record, dollar drops By Reuters Investing.comStocks rise as Nikkei sets record, dollar drops ReutersAsian Stocks Set to Extend Rally to Another Record: Markets Wrap bloomberg.comJapan's Nikkei 225 nears record 58,000 level as Asian stock markets mostly rise CNBCAsian stocks today: Markets trade in green after Japan elections; Nikkei jumps over 2%, HSI up 160 points Times of India",business
134,Tata Steel shares rise 7% in two days after strong Q3. Should investors buy now?,economictimes_indiatimes,2026-02-10 07:04:39,https://economictimes.indiatimes.com/markets/stocks/news/tata-steel-shares-rise-7-in-two-days-after-strong-q3-should-investors-buy-now/articleshow/128146250.cms,"Tata Steel shares rose for a second straight session, gaining over 7%, after the company reported strong Q3 results. Consolidated net profit surged 723% YoY to Rs 2,689 crore, while revenue increased 6% YoY to Rs 57,002 crore. However, on a sequential basis, profit fell 13% and revenue declined 3% compared with the previous quarter.","business, top"
135,"Small, midcap indices rise up to 3% in two days: Return of risk-on sentiment post-India-US trade deal among 3 key reasons",moneycontrol,2026-02-10 07:01:46,https://www.moneycontrol.com/news/business/markets/small-midcap-indices-rise-up-to-3-in-two-days-return-of-risk-on-sentiment-post-india-us-trade-deal-among-3-key-reasons-13821264.html,"Swiggy, Torrent Power and BSE shares were the top gainers on the midcap index.","business, top"
136,Why The US Blinked First In Its Trade Standoff With India,newsable_asianetnews,2026-02-10 07:00:58,https://newsable.asianetnews.com/india/us-india-trade-deal-donald-trump-tariffs-articleshow-054bs24,India’s recent trade and diplomatic engagements reflect a conscious attempt to navigate an increasingly fragmented global order while safeguarding strategic autonomy.,"business, top"
137,Business News | Embassy Developments Reports Nearly 240% QoQ Growth in Pre-sales in Q3 FY26; Key RERA Approvals Strengthen FY26 Outlook,latestly,2026-02-10 06:50:25,https://www.latestly.com/agency-news/business-news-embassy-developments-reports-nearly-240-qoq-growth-in-pre-sales-in-q3-fy26-key-rera-approvals-strengthen-fy26-outlook-7308476.html,"Get latest articles and stories on Business at LatestLY. Bengaluru (Karnataka)/ Mumbai (Maharashtra) [India], February 10: Embassy Developments Limited (""EDL"" or ""The Company"") (NSE: EMBDL / BSE: 532832) today announced its results for the third quarter ended December 31, 2025 (Q3 FY26), demonstrating strong sales traction, healthy cash flows, and continued progress on regulatory milestones.","business, top"
138,Topband Marks 30 Years: From Local Controller Manufacturer To Global Intelligent Solutions Partner,menafn,2026-02-10 06:34:55,https://menafn.com/1110720310/Topband-Marks-30-Years-From-Local-Controller-Manufacturer-To-Global-Intelligent-Solutions-Partner,"(MENAFN - PR Newswire)SHENZHEN, China, Feb. 10, 2026 /PRNewswire/ -- Shenzhen Topband Co., Ltd. (Stock Code: 002139) marks its 30th anniversary, reflecting three decades of evolution that mirrors ...","top, technology"
139,FIIs turn net buyers in Indian markets as valuations moderate,thehansindia,2026-02-10 06:32:23,https://www.thehansindia.com/business/fiis-turn-net-buyers-in-indian-markets-as-valuations-moderate-1047285,"Foreign institutional investors (FIIs) became net buyers in Indian equities over the last nine trading sessions, purchasing more than $2 billion worth of shares supporting a rally, according to provisional data from exchanges.","business, top"
140,"Poly Medicure says margins dip was one-off, growth to improve in the second half",cnbctv18,2026-02-10 06:30:34,https://www.cnbctv18.com/market/earnings/poly-medicure-q3-results-export-revival-private-market-strength-to-drive-next-leg-of-growth-19846399.htm,"Himanshu Baid, Managing Director of Poly Medicure, said the renal business has seen a small dip due to dumping of low-priced products from China. Despite this pressure, the company expects the renal segment to close the year with 25–28% growth and sees a similar growth trajectory in FY27.","business, top"
141,AstraZeneca Pharma shares gain as it receives CDSCO nod for import of endometrial cancer treatment drug,cnbctv18,2026-02-10 06:25:38,https://www.cnbctv18.com/market/astrazeneca-pharma-share-price-cdsco-approval-endometrial-cancer-treatment-drug-import-19846387.htm,"In an exchange filing, the pharma firm said the Central Drugs Standard Control Organisation gave its nod for import for sale and distribution of durvalumab solution for infusion 120mg/2.4ml and 500mg/10ml.",business
142,Adani Enterprises receives information request from US sanctions watchdog OFAC,cnbctv18,2026-02-10 06:25:20,https://www.cnbctv18.com/market/adani-enterprises-receives-information-request-from-us-sanctions-watchdog-ofac-ws-l-19846436.htm,"Adani Enterprises voluntarily engaged with OFAC after a Wall Street Journal article, received an RFI on Iran-linked transactions, ceased LPG imports, and expects no material financial impact.",business
143,Adani Enterprises says working with US in Iran oil sanctions probe,hindustantimes,2026-02-10 06:24:52,https://www.hindustantimes.com/business/adani-enterprises-says-working-with-us-in-iran-oil-sanctions-probe-101770704405709.html,"According to a WSJ report, Adani Enterprises imported Iranian oil products into India despite US sanctions in place.","top, breaking"
144,"Q3 results impact: Amber Enterprises stock up 6% as net loss narrows QoQ; Bata India gains 4.5%, Ramco Cements down 3%",moneycontrol,2026-02-10 06:23:42,https://www.moneycontrol.com/news/business/markets/q3-results-impact-amber-enterprises-stock-up-6-as-net-loss-narrows-qoq-bata-india-gains-4-5-ramco-cements-down-3-13821096.html,"Amber Enterprises reported a consolidated net loss of Rs 27 crore for the December quarter. This was, however, lower than the net loss of Rs 36 crore reported in the September quarter.","business, top"
145,Fractal Analytics IPO: Weak Day 2 Demand Despite Grey Market Premium — What Investors Need to Know Before Bidding,newsx,2026-02-10 06:22:57,https://www.newsx.com/business/fractal-analytics-ipo-weak-day-2-demand-despite-grey-market-premium-what-investors-need-to-know-before-bidding-164466/,"Fractal Analytics IPO sees weak Day 2 demand, with only 9% subscription. Grey market shows modest premium. The company remains a global AI leader, transforming enterprise decision-making and operations.","business, top"
146,Pfizer shares jump over 10% on strong Q3 profit and margin expansion,cnbctv18,2026-02-10 06:14:02,https://www.cnbctv18.com/market/stocks/pfizer-share-price-jump-over-10-q3-profit-margin-expands-35-pc-ws-l-19846371.htm,"Pfizer Ltd shares surged over 10 percent after strong Q3FY26 results, with revenue up 20 percent and margins at 35 percent. Growth driven by brands like Prevenar 13, Eliquis, and Corex-DX.",business
147,"Gokaldas Exports, KPR Mill, Vardhman, other textile stocks fall up to 5%; here’s why",businesstoday,2026-02-10 06:10:44,https://www.businesstoday.in/markets/stocks/story/gokaldas-exports-kpr-mill-vardhman-other-textile-stocks-fall-up-to-5-heres-why-515360-2026-02-10,"According to its Q3FY26 earnings presentation, Gokaldas reported EBITDA slipped 18 per cent year-on-year to Rs 96 crore, primarily because the company had to share a considerable portion of the US tariff burden with its key customers.","business, top"
148,Ceigall India's shares hit 52-week high after bagging Rs 1 700 cr solar project,theweek_in,2026-02-10 06:02:24,https://www.theweek.in/wire-updates/business/2026/02/10/ceigall-indias-shares-hit-52-week-high-after-bagging-rs-1-700-cr-solar-project.html,"New Delhi, Feb 10 (PTI) Shares of Ceigall India surged more than 8 per cent to hit their 52-week high",business
149,Bengal Chief Electoral Officer to meet ECI today to finalise new date for final voters list publication,thehansindia,2026-02-10 06:00:13,https://www.thehansindia.com/news/national/bengal-chief-electoral-officer-to-meet-eci-today-to-finalise-new-date-for-final-voters-list-publication-1047247,"Kolkata: The Chief Electoral Officer (CEO), West Bengal, Manoj Kumar Agarwal will hold a crucial meeting with the full bench of the Election Commission of India (ECI) on Tuesday to finalise the new...","politics, top"
150,RailTel Share Price Surges on ₹455 Crore Railway Order and Healthcare IT Expansion: Here’s What Investors Need to Know,newsx,2026-02-10 05:52:15,https://www.newsx.com/business/railtel-share-price-surges-on-455-crore-railway-order-and-healthcare-it-expansion-heres-what-investors-need-to-know-164446/,"RailTel share price jumps on ₹455 crore railway order and healthcare IT expansion; Q3 FY26 shows strong revenue growth despite profit dip, while stock rebounds from 52-week lows to intra-day highs.","business, top"
151,"Pfizer shares gain 9% after Q3FY26 profit up 11%, revenue grows 20%",economictimes_indiatimes,2026-02-10 05:51:52,https://economictimes.indiatimes.com/markets/stocks/pfizer-shares-gain-9-after-q3fy26-profit-up-11-revenue-grows-20/articleshow/128143523.cms,"Pfizer India's shares surged after reporting strong Q3FY26 results, with net profit up 11% and revenue by 20%. The company also recorded exceptional items related to a strategic partnership with Cipla and the impact of new labor laws. The stock shows strong investor sentiment and a bullish technical outlook.","business, top"
152,Norwest-backed SILA buys SMS Integrated Facility Services in Rs 270 crore deal,economictimes_indiatimes,2026-02-10 05:42:36,https://economictimes.indiatimes.com/industry/services/property-/-cstruction/norwest-backed-sila-buys-sms-integrated-facility-services-in-rs-270-crore-deal/articleshow/128143220.cms,"SILA, backed by Norwest Venture Partners, has acquired SMS Integrated Facility Services for Rs 270 crore to expand its outsourced facility management segment. This strategic move aims to build a scaled, technology-led business services platform, projecting over Rs 2,000 crore in combined revenue across multiple verticals.","business, top"
153,India AI Impact Summit 2026: Delhi hotels charging Rs 1-11 lakh per night,news9live,2026-02-10 05:41:00,https://www.news9live.com/business/biz-news/india-ai-impact-summit-2026-delhi-hotels-charging-rs-1-11-lakh-per-night-2928747,"The India AI Impact Summit 2026 is causing an unprecedented spike in New Delhi’s 5-star hotel rates, with prices ranging from Rs 1 lakh to Rs 11 lakh per night. The event is scheduled for February 16-20 at Bharat Mandapam.",business
154,"Stock Market Today: Nifty, Sensex Open Positive Amid Supportive Global Cues and FPI Inflows, PSU Banks, Pharma Stocks Lead",latestly,2026-02-10 05:29:00,https://www.latestly.com/agency-news/stock-market-today-nifty-sensex-open-positive-amid-supportive-global-cues-and-fpi-inflows-psu-banks-pharma-stocks-lead-7308266.html,"The share market in the country witnessed a turnaround with a positive opening continuing on Tuesday, as foreign inflows returned to domestic markets and investor sentiment remained upbeat. The benchmark indices opened in the green.","business, top"
155,"NRIs hold 0.6% of all NSE listed companies, even as Budget 2026 hiked their limit to 10%",thehindu,2026-02-10 05:27:11,https://www.thehindu.com/business/nris-hold-06-of-all-nse-listed-companies-even-as-budget-2026-hiked-their-limit-to-10/article70613913.ece,Finance Minister Nirmala Sitharaman increased the investment limit for NRIs to 10% when the demand to use even the 5% limit did not exist,business
156,"BSE Share Price Hits 52-Week High at ₹3,175; Soars on Strong Q3 Results as Profits Jump and Trading Volumes Surge",newsx,2026-02-10 05:26:13,https://www.newsx.com/business/bse-share-price-hits-52-week-high-at-3175-soars-on-strong-q3-results-as-profits-jump-and-trading-volumes-surge-164416/,"BSE share price hits a fresh 52-week high after strong Q3 FY26 results, driven by surging profits, higher trading volumes, robust derivatives growth, and sustained investor confidence.","business, top"
157,"India sells 27.23 lakh vehicles in Jan; two-wheelers grow 21% YoY, passenger cars up 7%",cnbctv18,2026-02-10 05:24:39,https://www.cnbctv18.com/auto/india-vehicle-sales-january-2026-fada-two-wheelers-passenger-cars-commercial-trucks-tractors-ws-e-19846332.htm,"India sold 27.23 lakh vehicles in January 2026, according to the Federation of Automobile Dealers Associations. Leaders included Hero MotoCorp, Honda Motorcycle, Maruti Suzuki, Hyundai, Tata Motors, Ashok Leyland, Bajaj Auto and Mahindra across segments.","top, technology"
158,"Nothing wrong in being bullish, just be more selective: 5 mid-cap stocks from different sectors with upside potential up to 30%",economictimes_indiatimes,2026-02-10 05:23:40,https://economictimes.indiatimes.com/markets/stocks/news/nothing-wrong-in-being-bullish-just-be-more-selective-5-mid-cap-stocks-from-different-sectors-with-upside-potential-up-to-30/articleshow/128142229.cms,"If the markets continue to move the way they have been doing for the last few sessions, the chances are that we will again see headlines saying the Nifty has crossed X level and then Y level. That is where the problem will start – assuming that your bullish streak is triggered by the Nifty crossing a certain threshold. There is nothing wrong with being bullish, but it should have nothing to do with the Nifty’s level. In fact, the moves of the Nifty or Sensex have no impact on the real business in literally any sector.","business, top"
159,"Aye Finance IPO subscribed 13% on Day 2 so far, retail portion booked 33% despite muted GMP: Should you apply?",moneycontrol,2026-02-10 05:19:58,https://www.moneycontrol.com/news/business/ipo/aye-finance-ipo-subscribed-13-on-day-2-so-far-retail-portion-booked-33-despite-muted-gmp-should-you-apply-13820910.html,Aye Finance IPO GMP: The IPO of the Gurugram-based NBFC will remain open for public bidding from February 9-11 at a price band of Rs 122-129 per share.,"business, top"
160,"SBI powers PSBs to historic Q3 earnings of Rs 52,600 crore",thehansindia,2026-02-10 05:18:35,https://www.thehansindia.com/business/sbi-powers-psbs-to-historic-q3-earnings-of-rs-52600-crore-1047271,"New Delhi: Ledby the country's biggest lender State Bank of India (SBI), public sector banks logged a record cumulative profit of Rs 52,603 crore in the third quarter of the current fiscal, reflecting...","business, top"
161,Raw jute crisis: IJMA hopeful after meeting with Union textiles minister,economictimes_indiatimes,2026-02-10 05:17:24,http://economictimes.indiatimes.com/small-biz/sme-sector/raw-jute-crisis-ijma-hopeful-after-meeting-with-union-textiles-minister/articleshow/128142407.cms,Jute mills met with Union Textiles Minister Giriraj Singh regarding the raw jute crisis. The minister assured the delegation he would review their proposal to reduce trader stock limits. This aims to address artificial scarcity and high prices. The ministry is considering regulatory intervention and strict action against speculators.,business
162,What's next in market after SBI rally? Mayuresh Joshi sees hidden value and strong growth potential in 4 sectors,economictimes_indiatimes,2026-02-10 05:14:01,http://economictimes.indiatimes.com/markets/expert-view/whats-next-in-market-after-sbi-rally-mayuresh-joshi-sees-hidden-value-and-strong-growth-potential-in-4-sectors/articleshow/128142252.cms,"State Bank of India is performing exceptionally well, trading at a five-year high. Market expert Mayuresh Joshi sees opportunities in jewellery, real estate, and small finance banks. Kalyan Jewellers is beating expectations. Real estate recovery is underway. Small finance banks offer value. Consumption growth is broad-based, with a focus on tier II and tier III cities.",business
163,"BSE earnings hold despite STT hike; EMS gains from Budget, says Mayuresh Joshi",cnbctv18,2026-02-10 05:09:10,https://www.cnbctv18.com/market/bse-earnings-momentum-holds-despite-stt-hike-concerns-ems-sector-seen-benefiting-from-union-budget-2026-allocation-amber-enterprises-dixon-technologies-kpr-mill-vardhman-textiles-india-us-trade-tariff-alpha-article-19846274.htm,"Mayuresh Joshi, Director-Research at Marketsmith India, suggests textile sector pressure may remain sentiment-driven in the near term, while integrated textile players, capital market infrastructure companies and EMS players may continue to see business momentum supported by structural demand and industry shifts.",business
164,Shark Tank India’s Anupam Mittal Reacts To Being Called ‘India’s Tony Stark’,news18,2026-02-10 05:07:37,https://www.news18.com/movies/television/shark-tank-indias-anupam-mittal-reacts-to-being-called-indias-tony-stark-aa-ws-l-9891526.html,"During a podcast with Krishnank Atrey, Anupam Mittal emphasised that while integrity is certain, a dash of dishonesty is unavoidable at times.",entertainment
165,"RailTel shares jump nearly 8% after bagging ₹4,550 crore West Central Railway order",cnbctv18,2026-02-10 05:07:01,https://www.cnbctv18.com/market/railtel-shares-price-jump-nearly-8-after-bagging-rs-4550-crore-west-central-railway-order-ws-l-19846289.htm,"Railtel Corporation of India Ltd shares surged after securing a ₹4,550 crore order from West Central Railway, with Q3 FY26 revenue up 19% to ₹913.4 crore despite a 4% profit dip.",business
166,Explained: Why Namma Metro Is India's Costliest Public Transport System?,menafn,2026-02-10 05:01:30,https://menafn.com/1110719865/Explained-Why-Namma-Metro-Is-Indias-Costliest-Public-Transport-System,"(MENAFN - AsiaNet News) Bengaluru, widely regarded as one of the world's most congested cities, also operates India's most expensive metro system. After a steep 71 per cent fare hike implemented ...","business, top"
167,"Railtel Share Price Today, February 10, 2026: Stocks of Railtel Corporation of India Limited Open in Green in Early Trade, Check Latest Price on NSE",latestly,2026-02-10 04:59:46,https://www.latestly.com/socially/business/railtel-share-price-today-february-10-2026-stocks-of-railtel-corporation-of-india-limited-open-in-green-in-early-trade-check-latest-price-on-nse-7308302.html,"According to the National Stock Exchange (NSE) website, shares of Railtel Corporation of India Limited (NSE: RAILTEL) were trading at INR 352.65 and grew by INR 19.75 or 5.95 per cent. It is worth noting that shares of Railtel Corporation of India Limited (NSE: RAILTEL) saw their 52-week high of INR 478.95 on June 10 last year.","business, top"
168,"Gold and Silver Price Today: MCX Yellow Metal Holds Steady, Silver Slips on Global Cues; Check City-Wise Rates and Global Gold Prices in INR — Where Is Gold Cheapest?",newsx,2026-02-10 04:42:59,https://www.newsx.com/business/gold-price-today-and-silver-price-today-mcx-holds-steady-silver-slips-on-global-cues-check-city-wise-rates-and-global-gold-prices-in-inr-where-is-gold-cheapest-delhi-kerala-pakistan-dubai-164397/,"Gold and silver prices gain momentum on MCX amid India–US trade optimism, RBI cues, and global uncertainty. Gold stays firm, while silver remains volatile as investors seek safe havens.","business, top"
169,Bata India shares jump 8% on posting Q3 results; PAT up 13% YoY,business-standard,2026-02-10 04:42:52,https://www.business-standard.com/markets/news/bata-india-share-price-target-nse-bse-profit-revenue-q3-results-ebitda-126021000301_1.html,"Bata India share price today: Bata India Stock jumps over 8% after Q3FY26 results. Net profit rises 13%, margins improve; JM Financial reviews earnings, inventory gains and management outlook.","business, top"
170,"Sensex, Nifty trade higher amid sustained foreign inflows",thehansindia,2026-02-10 04:31:54,https://www.thehansindia.com/business/sensex-nifty-trade-higher-amid-sustained-foreign-inflows-1047256,The Indian equity markets posted moderate gains early on Tuesday amid strong global cues and continuing foreign inflows.,"business, top"
171,ACME Solar shares gain 2% on 220 MW solar project in Madhya Pradesh; key details,businesstoday,2026-02-10 04:29:40,https://www.businesstoday.in/markets/stocks/story/acme-solar-shares-gain-2-on-220-mw-solar-project-in-madhya-pradesh-key-details-515338-2026-02-10,"Just days prior, on February 6, ACME Solar announced it had secured a 301 MW/ 1,204 MWh assured peak supply project from the Solar Energy Corporation of India (SECI) under an FDRE (Firm and Dispatchable Renewable Energy) tender.","business, top"
172,Tracxn Tech shares hit 20% upper circuit after Mukul Agrawal purchases 20 lakh shares for Rs 6.6 crore,economictimes_indiatimes,2026-02-10 04:28:18,https://economictimes.indiatimes.com/markets/stocks/news/tracxn-tech-shares-hit-20-upper-circuit-after-mukul-agrawal-purchases-20-lakh-shares-for-rs-6-6-crore/articleshow/128140948.cms,"Tracxn Technologies shares jumped 20% to hit the upper circuit. This surge followed ace investor Mukul Agrawal's acquisition of 20 lakh shares. The transaction was valued at Rs 6.6 crore. Agrawal purchased the shares at Rs 33 each. Despite this rally, Tracxn Technologies stock has seen a significant decline over the past year.","business, top"
173,Best tax saving mutual funds or ELSS to invest in February 2026,economictimes_indiatimes,2026-02-10 04:27:29,https://economictimes.indiatimes.com/mf/analysis/best-tax-saving-mutual-funds-or-elss-to-invest-in-february-2026/articleshow/128140939.cms,"Tax saving mutual funds or ELSSs invest in stocks. Therefore, they have a very high risk. You should be aware of this aspect, especially if you are a first-time investor in equity mutual funds.","business, top"
174,RailTel Corporation shares rally 7% after bagging Rs 455 crore Railway contract,economictimes_indiatimes,2026-02-10 04:27:07,https://economictimes.indiatimes.com/markets/stocks/news/railtel-corporation-shares-rally-7-after-bagging-rs-455-crore-railway-contract/articleshow/128140907.cms,"RailTel Corporation of India shares rose after the company won a major infrastructure contract worth around Rs 455 crore from West Central Railway. The project, awarded through a Letter of Acceptance, is scheduled for completion by September 2028 with a 960-day execution timeline.","business, top"
175,BSE Q3 FY26 profit surges: Brokerages maintain ‘Buy’ Rating on shares,news9live,2026-02-10 04:26:00,https://www.news9live.com/business/markets/bse-q3-fy26-profit-surges-3x-brokerages-maintain-buy-rating-suggest-share-target-price-2928690,"BSE’s Q3 FY26 profit surged nearly three times to Rs 602 crore, with revenue up 61%. Nuvama and Centrum maintained ‘Buy’ ratings, citing strong index options performance and increased ADPTV.",business
176,Tax holiday for data centres: A multi-decade investment play for power and real estate stocks?,economictimes_indiatimes,2026-02-10 04:24:20,https://economictimes.indiatimes.com/markets/stocks/news/tax-holiday-for-data-centres-a-multi-decade-investment-play-for-power-and-real-estate-stocks/articleshow/128140764.cms,"The Union Budget 2026 has extended tax holidays for foreign companies using Indian data centres, positioning India as a global data processing hub. This policy shift is expected to drive significant capital expenditure and growth in India's data centre capacity, creating multi-decade opportunities for proxy plays in real estate, infrastructure, and digital services.","business, top"
177,BSE shares jump 6% to fresh record high after strong Q3 results: Brokerages raise target prices,moneycontrol,2026-02-10 04:21:14,https://www.moneycontrol.com/news/business/markets/bse-shares-jump-6-to-fresh-record-high-after-strong-q3-results-brokerages-raise-target-prices-13820746.html,"BSE share price: Nuvama kept a ‘Buy’ call on the stock, and raised its target price to Rs 3,760 apiece.","business, top"
178,"Business News | Nifty, Sensex Open Positive Amid Supportive Global Cues and FPI Inflows, PSU Banks, Pharma Stocks Lead",latestly,2026-02-10 04:14:26,https://www.latestly.com/agency-news/business-news-nifty-sensex-open-positive-amid-supportive-global-cues-and-fpi-inflows-psu-banks-pharma-stocks-lead-7308266.html,"Get latest articles and stories on Business at LatestLY. The share market in the country witnessed a turnaround with a positive opening continuing on Tuesday, as foreign inflows returned to domestic markets and investor sentiment remained upbeat.","business, top"
179,"YES Bank shares multiple updates; check stock reaction, details & more",businesstoday,2026-02-10 04:10:36,https://www.businesstoday.in/markets/stocks/story/yes-bank-shares-multiple-updates-check-stock-reaction-details-more-515333-2026-02-10,"Shares of YES Bank inched up marginally to Rs 21.60 on Tuesday, but gave up its gains to Rs 21.44 as the session progressed, with a market capitalization near to Rs 68,000 crore.","business, top"
180,Embassy Developments Reports Nearly 240% Qoq Growth In Pre-Sales In Q3 FY26 Key RERA Approvals Strengthen FY26 Outlook,menafn,2026-02-10 04:07:50,https://menafn.com/1110719510/Embassy-Developments-Reports-Nearly-240-Qoq-Growth-In-Pre-Sales-In-Q3-FY26-Key-RERA-Approvals-Strengthen-FY26-Outlook,"(MENAFN - NewsVoir) Bengaluru | Mumbai, India Embassy Developments Limited (–EDL– or–The Company–) (NSE: EMBDL / BSE: 532832) today announced its results for the third quarter ended December 31, ...","business, top"
181,"Stock Market Today Live Update: Sensex, Nifty Continue Gaining Momentum On India-US Trade Deal; Eternal, Axis Bank Top Gainers",english_jagran,2026-02-10 04:07:46,https://www.thedailyjagran.com/business/stock-market-today-live-update-sensex-today-nifty-today-share-market-latest-changes-update-lb-30000112,"stock market today live update,share market update,sensex today,nifty today,sensex,nifty,stock market update","business, top"
182,Bengal CEO to meet ECI to finalise new date for final voters list publication,siasat,2026-02-10 04:04:11,https://www.siasat.com/bengal-ceo-to-meet-eci-to-finalise-new-date-for-final-voters-list-publication-3339468/,"Kolkata: The Chief Electoral Officer (CEO), West Bengal, Manoj Kumar Agarwal will hold a crucial meeting with the full bench of the Election Commission of India (ECI) on Tuesday to finalise the new date for publication of the final voters’ list in the state that will bring an end to the ongoing Special Intensive Revision ...Get the latest updates in Hyderabad City News, Technology, Entertainment, Sports, Politics and Top Stories on WhatsApp & Telegram by subscribing to our channels. You can also download our app for Android and iOS.","politics, top"
183,Stock Market: Sensex and Nifty rise in early trade,news9live,2026-02-10 03:59:00,https://www.news9live.com/business/markets/stock-market-on-10-february-bse-sensex-nse-nifty-fii-top-stocks-india-us-trade-deal-2928686,"The BSE Sensex jumped 166.91 points to 84,232.66 in earl trade on 10 February 2026 (Tuesday). The NSE Nifty gained 52.70 points to 25,920.00.",business
184,This cement maker got downgraded despite strong earnings. Here's why,cnbctv18,2026-02-10 03:57:01,https://www.cnbctv18.com/market/stocks/star-cement-share-price-downgraded-target-cut-despite-strong-q3-earnings-ws-l-19846244.htm,"An aggressive expansion in North India may take the stock down below its current 52-week low, says one analyst.",business
185,"Stock Market Today: Dalal Street Starts Tuesday In Green As Sensex Holds Above 84,000, Nifty Opens Over 25,800 On Global Optimism And Trade Deal Hopes",newsx,2026-02-10 03:53:54,https://www.newsx.com/business/stock-market-today-dalal-street-live-starts-tuesday-in-green-as-sensex-holds-above-84000-nifty-opens-over-25800-on-global-optimism-and-trade-deal-hopes-sensex-today-nifty50-gift-nse-bse-updates-164379/,"Stock Market Today: Indian markets opened higher on positive global cues and India–US trade optimism. Firm pre-opening trends and steady Sensex, Nifty gains signal cautious confidence as investors assess sustainability.","business, top"
186,"SIP Inflows Hit Rs 31,000 Crore In Jan, 7.4 Million New Accounts Opened",menafn,2026-02-10 03:45:29,https://menafn.com/1110719410/SIP-Inflows-Hit-Rs-31000-Crore-In-Jan-74-Million-New-Accounts-Opened,"(MENAFN - IANS) Mumbai, Feb 10 (IANS) Mutual fund Systematic Investment Plan (SIP) inflows reached Rs 31,000 crore in the month of January, second consecutive month when SIP inflows were Rs 31,000 ...","business, top"
187,"Inside India’s only dark factory in Tamil Nadu. Robots work all night, engineers stay out",theprint,2026-02-10 03:44:30,https://theprint.in/ground-reports/indias-only-dark-factory-polymatech-kancheepuram-tamil-nadu-automation/2850562/,"The swish of robotic arms, electronic beeps, and a Ganesha prayer playing on loop are the only sounds on the factory floor of Polymatech, a semiconductor unit in Kancheepuram.",technology
188,"Stock Alert: Apollo Micro Systems, Neuland Laboratories, PNC Infra, Texmaco Rail , Bata India",business-standard,2026-02-10 03:43:21,https://www.business-standard.com/markets/capital-market-news/stock-alert-apollo-micro-systems-neuland-laboratories-pnc-infra-texmaco-rail-bata-india-126021000229_1.html,Sammaan Capital shares are banned from F&O trading on 10 February 2026.,"business, top"
189,"Stocks To Watch Today: Nykaa, BSE, Aurobindo Pharma, Marico, Linde India, RailTel, Pfizer, Navin Fluorine, Gravita, Ceigall India, ISGEC Heavy, Trident, Genus Power, Eternal In Focus",newsx,2026-02-10 03:42:21,https://www.newsx.com/business/stocks-to-watch-today-nykaa-bse-aurobindo-pharma-marico-linde-india-railtel-pfizer-navin-fluorine-gravita-ceigall-india-isgec-heavy-trident-genus-power-eternal-in-focus-10-february-market-updates-164366/,"Stocks To Watch Today: Indian markets are set for a positive start as global equities rally. Corporate actions, order wins, Q3 earnings, and ex-date stocks will drive stock-specific movements today.","health, top"
190,"ITC shares: Cigarette price hikes at 30%; volume fall may not be sharp, says Nomura",businesstoday,2026-02-10 03:36:26,https://www.businesstoday.in/markets/stocks/story/itc-shares-cigarette-price-hike-at-30-volume-fall-may-not-be-sharp-says-nomura-515330-2026-02-10,"Nomura said ITC had initiated cigarette price hikes across its premium brands, including Gold Flake and Classic, spanning most subsegments by length.","business, top"
191,Sebi moots changes to mutual funds demat accounts: SWP-STP can become automatic,news9live,2026-02-10 03:15:00,https://www.news9live.com/business/sebi-moots-changes-to-mutual-funds-demat-accounts-swp-stp-can-become-automatic-2928666,Capital markets reulator Sebi has floated a consultation paper proposing changes i the domain of mutual funds that can concern man investors. It has come up with proposals for automatic standing instructions which will allow SWP and STP transactions to be executed without the need for a separate command each time.,business
192,"Quote Of The Day: Edelweiss MF's Radhika Gupta On Markets - 'Corrections Come Like Cats, Be A Goldfish Investor'",menafn,2026-02-10 03:13:48,https://menafn.com/1110719296/Quote-Of-The-Day-Edelweiss-MFs-Radhika-Gupta-On-Markets-Corrections-Come-Like-Cats-Be-A-Goldfish-Investor,"(MENAFN - Live Mint) Amid the volatile markets and disruption in safe haven prices, Edelweiss mutual fund chief Radhika Gupta has explained her 'goldfish' philosophy that can benefit retail ...","business, top"
193,"Amber Enterprises Q3: Revenue, EBITDA beat estimates; exceptional items pushes PAT into loss",cnbctv18,2026-02-10 03:02:32,https://www.cnbctv18.com/market/amber-enterprises-q3-revenue-ebitda-beat-estimates-exceptional-items-pushes-pat-into-loss-ws-l-19846202.htm,"Amber Enterprises India Limited Q3FY26 revenue jumped 38% to ₹2,943 crore, led by electronics growth. Despite strong margins, exceptional charges caused a ₹9.33 crore net loss.",business
194,SEBI proposes slashing SIF investment for individuals to just Rs 1000,newsable_asianetnews,2026-02-10 03:00:57,https://newsable.asianetnews.com/business/sebi-proposes-slashing-sif-investment-for-individuals-to-just-rs-1000-articleshow-8vrz9wc,"SEBI proposes to cut the minimum investment for individuals in Social Impact Funds (SIFs) from ₹2 lakh to ₹1,000. The move aims to boost the Social Stock Exchange framework by making social enterprise funding more accessible to small investors.","business, top"
195,"Swiggy, Fortis Healthcare, IFCI: How to trade these 3 buzzing stocks",businesstoday,2026-02-10 02:49:01,https://www.businesstoday.in/markets/stocks/story/swiggy-fortis-healthcare-ifci-how-to-trade-these-3-buzzing-stocks-515326-2026-02-10,"An analyst from Anand Rathi said that Swiggy had been forming a lower high–lower low structure since December 2025, with the stock now forming higher highs and higher lows.","business, top"
196,Vantage Drilling International Ltd. Announces ONGC Notification Of Award For Platinum Explorer,menafn,2026-02-10 02:46:15,https://menafn.com/1110719177/Vantage-Drilling-International-Ltd-Announces-ONGC-Notification-Of-Award-For-Platinum-Explorer,"(MENAFN - GlobeNewsWire - Nasdaq) Dubai, Feb. 10, 2026 (GLOBE NEWSWIRE) -- Vantage Drilling International Ltd. (the "" Company "") announces that it has received a binding Notification of Award (NOA) ...","top, lifestyle"
197,"Stock market news: Gift Nifty up 80 points; key levels for Nifty, Sensex & Nifty Bank",businesstoday,2026-02-10 02:44:03,https://www.businesstoday.in/markets/story/stock-market-news-gift-nifty-up-80-points-key-levels-for-nifty-sensex-nifty-bank-515323-2026-02-10,"Nifty futures on the NSE International Exchange traded 79.60 points, or 0.31 per cent, up at 25,995, hinting at a positive start for the domestic market on Tuesday.","business, top"
198,"What’s Shaping the Indian Stock Market Today? Sensex and Nifty 50 React to Global Rally, Trade Deal Boosts Investor Sentiment",newsx,2026-02-10 02:43:40,https://www.newsx.com/business/whats-shaping-the-indian-stock-market-today-outlook-sensex-and-nifty-50-react-to-global-rally-trade-deal-boosts-investor-sentiment-gift-nifty-50-nse-bse-live-164350/,"Stock Market Today: Dalal Street is set to open higher, boosted by upbeat global cues, India-US trade optimism, and strong Sensex/Nifty gains, while midcaps, metals, and technical levels guide potential buying opportunities.","business, top"
199,Business News | SEBI Proposes to Lower Minimum Investment Limit in Social Impact Funds to Rs 1000 from Current Rs 2 Lakhs,latestly,2026-02-10 02:38:24,https://www.latestly.com/agency-news/business-news-sebi-proposes-to-lower-minimum-investment-limit-in-social-impact-funds-to-rs-1000-from-current-rs-2-lakhs-7308187.html,Get latest articles and stories on Business at LatestLY. Market regulator Securities and Exchange Board of India (SEBI) has proposed to significantly reduce the minimum value of investment by individual investors in Social Impact Funds (SIFs) in a bid to deepen participation and strengthen the Social Stock Exchange (SSE) framework.,"business, top"
200,"Axis Bank buying CreditAccess Grameen will be a 'win-win', CLSA says",cnbctv18,2026-02-10 02:32:55,https://www.cnbctv18.com/market/axis-bank-share-price-buying-creditaccess-grameen-will-be-a-win-win-clsa-says-ws-l-19846200.htm,"CLSA says Axis would likely make an open offer and acquire the entire entity. At current market prices, the total consideration is estimated at around $2.3 billion, which it believes is manageable for a bank of Axis Bank's size.",business
201,"Q3 Results LIVE Updates: BSE to react to earnings; Eicher Motors, Britannia, Apollo Hospitals in focus",cnbctv18,2026-02-10 02:30:57,https://www.cnbctv18.com/market/earnings/q3-results-live-updates-eicher-motors-britannia-apollo-hospitals-jubilant-foodworks-share-price-dilip-buildcon-jubilant-foodworks-samvardhana-motherson-grasim-live-blog-liveblog-ws-l-19846175.htm,"Q3 Results LIVE Updates: Apollo Hospitals, Britannia, Dilip Buildcon, Edelweiss Financial, Eicher Motors and Jubilant Foodworks headline Q3 results today as markets react to earnings from Bata India, Pfizer, SBI and others.",business
202,"Stocks to Buy or Sell Today, February 10, 2026: RailTel, Aurobindo Pharma, and Marico Among Shares That May Remain in Spotlight on Tuesday",latestly,2026-02-10 02:30:03,https://www.latestly.com/business/stocks-to-buy-or-sell-today-february-10-2026-railtel-aurobindo-pharma-and-marico-among-shares-that-may-remain-in-spotlight-on-tuesday-7308052.html,"Shares of companies such as Aurobindo Pharma (NSE: AUROPHARMA), Marico (NSE: MARICO), RailTel Corporation of India (NSE: RAILTEL), Sansera Engineering (NSE: SANSERA), Sansera Engineering (NSE: SANSERA), among others, will be in the spotlight today, February 10.","business, top"
203,BSE shares jump 5% to record high after Q3 profit soars 174% - The Economic Times,google,2026-02-10 02:21:39,https://news.google.com/rss/articles/CBMi0wFBVV95cUxPdkxIWG54OHd3c1JzQldwVFpnaVhnajFobUx2ZDF4SjVNdHNnQjZ2ckRYUkkxWmZtU0Fxak5qSU1jaFpWTXpXYmtycFlXbG42cmZycndWQS1lbTItdjVZay1ZQmY2bDI5VklTSWN1em9XbzlnTG9iMm94RnhiM28ySExKdDNRUFJLUlBWY2JfU21ERU1hQURZUTZsNGFhMDJlaXhQblFwRkNtVk81WnZlQWhMZ2p3U0dFOEcxalZQRVdjNUNhS3hGcGxGdU9aaWhKYV9F0gHYAUFVX3lxTE5UbWtuVjRKU3NUZnphanhjOWQ4ckNsU0tSSUVJdTZUVjVabFpBZ204UVlWUVc5OEVZWFV2djg1VUhmTHUybkRKU3RZOVJjSWEwc3FOZlFyYUZGc3g1SE4wSnJHNTJJZzMtVkVYaXBWaXVMZWxZTzVpS2dkTXR1NXBtZ3Z4alhqVkdrQ3ZKN0lsZ2pUZnhvMmo5enpwLXUyeGRfcFdxdXZud3cyeHZ3QURpdjhXbjEtcER6c2lpMGI0aDdYUlJtOUZNQ2NhSm1KN0d1LWJ0aU9yeA?oc=5,"BSE shares jump 5% to record high after Q3 profit soars 174% The Economic TimesBSE share price hits all-time high as Q3 profit rises 174% to ₹602 crore; check key numbers UpstoxSiddharth Balachandran holds 2.65% stake: BSE Q3 Results; Net profit triples to Rs 603 crore Dalal Street Investment JournalBSE shares hit record high post Q3 results — Analysts raise target price, see up to 26% upside CNBC TV18BSE share price: Stock hits new 52-week high as profit jumps nearly threefold India TV News",business
204,"Stock market today: Trade setup for Nifty 50, gold, silver rates to FII-DII data; eight stocks to buy or sell on Tuesday",livemint,2026-02-10 02:16:49,https://www.livemint.com/market/stock-market-news/stock-market-today-trade-setup-for-nifty-50-gold-silver-rates-to-fii-dii-data-eight-stocks-to-buy-or-sell-on-tuesday-11770686097634.html,"Stock market today: Experts have recommended eight stocks to buy today — Karur Vysya Bank, Ramco Cement, NAUKRI, HDFC Life, Vedanta, LT, Belrise, and PTC India","business, top"
205,"Stock market today: Trade setup for Nifty 50, gold, silver rates to FII-DII data; eight stocks to buy or sell on Tuesday - Mint",google,2026-02-10 02:16:49,https://news.google.com/rss/articles/CBMilAJBVV95cUxOd0NnSmxKNXJlNzhZdmh3MFVsaUpzVUhoQWxtMVdjdS1xcmJwUmJtUEVBQlRQbUZOUXJVQzhvajRKcFFXTFB4Y3IyN1hldS15N2w4cHlRMXJNaWF5TUhTUnJzY1ZZRVFLMDl3ckdOdFRtZVJvQk1tSF9UNDFiS2lkcURoZEZtSUJHQUdNcUVxamE5ZktMNEtsLU1qaU9zb0VvYWhsN3UxYThiT0R1R01HZlBwaVpCeDlPa0ZpclU1NUtjMktnc19YOVZ3ZF9BYVE4ZGw2VHJvenZ6VFJWQlF0ZDJaaFo1RDFqc2dycEt4aGRTWURnUkdlN3NNX2UtZkp2elcwMk5iNlRHOGxHUUZOajRERDPSAZoCQVVfeXFMTzVGdl9JM3hLU2p4YldqYXNOMC1fNlpEMnRUa21JVFl5SVZ5RlZuZ3hxRk9MZmVmdHRPb3FCN3RvN3A1czl2LVZlOTkxZ1ZpTUJvTWNBcURyNldpV2FuV2lYazVWYkdJVTBYT3dGcVk3UVVVMHVPTTVjNFdkSU1VWUkxSUNncEkwSWhOaklrLXNwdnNKTmtZRVFlU1RLeHp4cXg3aW9UZnZFa04xZGdHZ29xaDl6WElYWG1sVHd6enM1NXMwaWRwRjAxR1MyVjE5V1MwZDJObTgxTzF2MHQzMmpOR05qek1DUGlBRVM5aHdSOGl6bmVEalU2VzRhQTlNamFxdC0tcE1VRV94NGZQTkF4c1VNRVZVd0FB?oc=5,"Stock market today: Trade setup for Nifty 50, gold, silver rates to FII-DII data; eight stocks to buy or sell on Tuesday MintWeek ahead: India-US trade deal, Q3 earnings, and FIIs activity among key market triggers to watch UpstoxStock market outlook: India-US trade agreement impact, FIIs and Q3 results set to steer investor sentiment this week Times of IndiaMarkets Firm as India-US Trade Deal Boosts Investor Sentiment Deccan HeraldDalal Street this week: US-India trade agreement, corporate earnings, US, India inflation are among 10 key... moneycontrol.com",business
206,RailTel Corporation of India shares up 6% on contract win of Rs 455 cr - Moneycontrol,google,2026-02-10 01:59:08,https://news.google.com/rss/articles/CBMiwgFBVV95cUxNR1F0c196YlBVOFlSM0pZNS13STI3UEpKX3kzWGR5Y21qMXh3cFlyMzBPMUF1OWFxRVFOSFpNazNFZnJ4WDBPRGJjM0Y2QnZlcF8yWW1QaG9jWExlR2lxYWpoQ1NmUGE4aEp5Y3JOT0JzV1ZZbXJTRENEWXl0SG1hamRMelh6NG13bGh5Skt2aG56NXhxc25ZNUhNLThtMVBSTHBxSU9sYllfN0xoOTVwT0gxT2RJSEJOQ3BScjh3MHhCUdIBxwFBVV95cUxPTldFMlVyRFowTFo5ZWRMRnVneEdUR19Ca2JFNTVqUllNZWh0XzBJRFZldDVrRk1vV0dsRTNNRGlNSXBMMWVBM2RBRG53Ukc0Ri1EVTcwOFluMmVWb0g1OUg3NnpxT1l6MWk3Q1RPSVlkeTVXYkhUbGgzUFpXaGEwUkR6ZnBSWmdWcUtDNnJuNnRDSlNjQjF6c05sUXdxR3Fqbm4xR3I0RkJxczdZQnc0S3V5S2xudUVWRUczNHFObHBxZWRjYzhV?oc=5,"RailTel Corporation of India shares up 6% on contract win of Rs 455 cr MoneycontrolPSU stock RailTel share price climbs 7.5% on reciept of ₹454.95 crore order from West Central Railway MintRailTel shares jump 8% after bagging ₹4,550 crore West Central Railway order CNBC TV18RailTel bags Rs 455-cr West Central Railway project Business StandardRailtel Corporation of India Ltd Hits Intraday High with 7.01% Surge Markets Mojo",business
207,RailTel Corporation of India shares in focus on contract win of Rs 455 cr,moneycontrol,2026-02-10 01:59:08,https://www.moneycontrol.com/news/business/stocks/railtel-corporation-of-india-shares-in-focus-on-contract-win-13820066.html,RailTel Corporation of India Share Price | The company received a Letter of Acceptance (LoA) of Rs ₹454.95 crore.,"business, top"
208,Garden Reach shares in focus on MoU with Hindustan Shipyard,moneycontrol,2026-02-10 01:58:10,https://www.moneycontrol.com/news/business/stocks/garden-reach-shares-in-focus-mou-with-hindustan-shipyard-13820042.html,Garden Reach Shipbuilders & Engineers Share Price | The company has signed a Memorandum of Understanding (MoU) with Hindustan Shipyard.,"business, top"
209,"Stocks to watch today: BSE, Genus Power, RailTel and more will be in focus",news9live,2026-02-10 01:51:00,https://www.news9live.com/business/stocks-to-watch-today-bse-genus-power-railtel-and-more-will-be-in-focus-2928652,"The market could witness some robust action today. On Monday, Feb 10, metal, banking and realty stocks witnessed buying enthusiasm. Some key stocks will be in focus during the trading session today. While some of them have announced their Q3 results, some announced developments related to new orders, investments, appointments and deals.",business
210,"Top stocks in news: Titan, BSE, Ambuja Cements, AEL, NTPC Green, GRSE, Railtel, Marico",businesstoday,2026-02-10 01:46:33,https://www.businesstoday.in/markets/stocks/story/top-stocks-in-news-titan-bse-ambuja-cements-ael-ntpc-green-grse-railtel-marico-515322-2026-02-10,"Stocks including Titan Company, BSE, Ambuja Cements, Adani Enterprises, NTPC Green, Garden Reach, RailTel Corp, Marico and more will be in the spotlight on Tuesday, February 10.","business, top"
211,How Fidelity International’s GCC in India evolved into a leadership centre,yourstory,2026-02-10 01:45:00,https://yourstory.com/enterprise-story/2026/02/fidelity-internationals-gcc-in-india-evolves-into-leadership-centre,The global capability centre of Fidelity International has been at the forefront of driving innovation for the company and is now doing the same in the area of artificial intelligence.,"business, top"
212,MFs up startup ante; Rupeek's new raise,economictimes_indiatimes,2026-02-10 01:32:32,http://economictimes.indiatimes.com/tech/newsletters/morning-dispatch/mfs-up-startup-ante-rupeeks-new-raise/articleshow/128136303.cms,Happy Tuesday! Exposure of domestic mutual funds to new-age stocks significantly increased in 2025. This and more in today’s ETtech Morning Dispatch.,technology
213,Five blue-chip auto stocks to add to your watchlist,livemint,2026-02-10 01:30:58,https://www.livemint.com/market/stock-market-news/blue-chip-auto-stocks-to-watch-tata-motors-bajaj-auto-hero-moto-maruti-11770633660984.html,"Market leaders, scale advantages, steady cash flows, these auto blue chips quietly compound as the cycle unfolds.","top, technology"
214,Mint Quick Edit | Foreign buyers of Indian equity are back at last: Will this trend endure?,livemint,2026-02-10 01:30:39,https://www.livemint.com/opinion/online-views/mint-quick-edit-foreign-buyers-indian-equity-investors-india-us-trade-stock-market-fdi-11770645262713.html,"Overseas investors are returning to Indian equities after months of heavy selling. Credit renewed optimism over an India-US trade deal. It’ll take more than that, though, for a durable turnaround.","business, top"
215,Pre-AI Summit awareness session held,thehansindia,2026-02-10 01:18:40,https://www.thehansindia.com/andhra-pradesh/pre-ai-summit-awareness-session-held-1047113,"Visakhapatnam: As part of the Pre-AI Impact Summit initiatives, Satya Institute of Technology and Management (SITAM) conducted an awareness session titled ‘Meeting the Challenge of...","top, technology"
216,Oil holds two-day gain as Middle East risks remain in focus,cnbctv18,2026-02-10 01:11:02,https://www.cnbctv18.com/market/oil-holds-two-day-gain-as-middle-east-risks-remain-in-focus-19846165.htm,"Business News: Get the latest Business News, Live Share & Stock Market Updates, Top News from India and across world. Read Top Business News and updates on financial, economic and banking news on CNBCTV18.",business
217,"Stocks in news: Titan, BSE, Kotak Mahindra Bank, Marico, Tata Motors PV",economictimes_indiatimes,2026-02-10 01:02:50,http://economictimes.indiatimes.com/markets/stocks/news/stocks-in-news-titan-bse-kotak-mahindra-bank-marico-tata-motors-pv/articleshow/128136130.cms,"Markets rallied on Monday, buoyed by global optimism and a potential India-US trade framework, with analysts eyeing a Nifty retest of 26,000. Several companies, including Titan and BSE, are in focus due to Q3 results and significant corporate developments. Adani Energy secured financing for a green energy transmission project, while Marico made a strategic investment in a Vietnamese skincare entity.",business
218,Sebi plans to cut minimum SIF investment,economictimes_indiatimes,2026-02-10 00:43:57,https://economictimes.indiatimes.com/markets/stocks/news/sebi-plans-to-cut-minimum-sif-investment/articleshow/128135794.cms,"Sebi proposes to slash the minimum investment in social impact funds to ₹1,000 from ₹2 lakh, aiming to attract small investors and align with ZCZP instrument norms. The regulator also suggests extending NPO registration to three years and reducing ZCZP issuance subscription to 50% for certain projects.","business, top"
219,Stock recommendations for 10 February from MarketSmith India,livemint,2026-02-10 00:30:17,https://www.livemint.com/market/stock-market-news/stock-recommendations-for-10-february-from-marketsmith-india-sensex-nifty-outlook-trade-set-up-11770639767771.html,"MarketSmith India reveals its top stock recommendations for today, 10 February. Get expert insights into the best-performing stocks to guide your investment decisions.","business, top"
220,Domestic MFs double their holdings in new-age startups in a year,economictimes_indiatimes,2026-02-10 00:30:00,https://economictimes.indiatimes.com/mf/mf-news/domestic-mfs-double-their-holdings-in-new-age-startups-in-a-year/articleshow/128139674.cms,"These institutions accumulated significant stakes in consumer internet firms Eternal, Swiggy, Nykaa and PB Fintech this past year, despite mixed share performance. They also bought into companies such as Lenskart, Groww, Meesho and PhysicsWallah that entered the public market in 2025.",business
221,How domestic MFs doubled their holdings in new-age startups,economictimes_indiatimes,2026-02-10 00:30:00,http://economictimes.indiatimes.com/tech/startups/how-domestic-mfs-doubled-their-holdings-in-new-age-startups/articleshow/128126202.cms,"These institutions accumulated significant stakes in consumer internet firms Eternal, Swiggy, Nykaa and PB Fintech this past year, despite mixed share performance. They also bought into companies such as Lenskart, Groww, Meesho and PhysicsWallah that entered the public market in 2025.",technology
222,Mutual funds adopt India Inc’s next gen companies with open arms,economictimes_indiatimes,2026-02-10 00:30:00,http://economictimes.indiatimes.com/tech/startups/mutual-funds-adopt-india-incs-next-gen-companies-with-open-arms/articleshow/128126202.cms,"These institutions accumulated significant stakes in consumer internet firms Eternal, Swiggy, Nykaa and PB Fintech this past year, despite mixed share performance. They also bought into companies such as Lenskart, Groww, Meesho and PhysicsWallah that entered the public market in 2025.",technology
223,Domestic MFs double their holdings in new-age startups over a year,economictimes_indiatimes,2026-02-10 00:30:00,http://economictimes.indiatimes.com/tech/startups/domestic-mfs-double-their-holdings-in-new-age-startups-over-a-year/articleshow/128126202.cms,"These institutions accumulated significant stakes in consumer internet firms Eternal, Swiggy, Nykaa and PB Fintech this past year, despite mixed share performance. They also bought into companies such as Lenskart, Groww, Meesho and PhysicsWallah that entered the public market in 2025.",technology
224,"Sagittarius Horoscope Today: February 10, 2026 - Vogue India",google,2026-02-10 00:20:00,https://news.google.com/rss/articles/CBMifkFVX3lxTE5PVkhXaS1uUXNOajVMZlRnaGVNUE1tVU1lTktPcVY1RDF0U1V5b2JOOHlidWh4eWtRR1lsS05VSUFTdklpaEhHbkpJT19uczB1TkgwLXJ5RWZ3MTYtTnh0Yk5RRjE2VmFPWTh3LUpLZ09VRWt3aVl2bHkzWmVCUQ?oc=5,"Sagittarius Horoscope Today: February 10, 2026 Vogue India'What did Gaurav do in Pakistan?' CM Himanta Biswa calls Gogoi 'national threat'; Assam hands over SIT report to home ministry | Guwahati News - The Times of India Times of IndiaSagittarius Daily Horoscope Today (Nov 22 - Dec 21), February 10, 2026: Sagittarians Must Stay Away from Mental Stress, Lost Things May Return India TodaySagittarius Horoscope Today, February 8, 2026 News18Sagittarius Horoscope Today for February 9, 2026: Think seriously about investing in the stock market today Hindustan Times",entertainment
225,SBI logs biggest single-day gain in 19 months on strong Q3 results,economictimes_indiatimes,2026-02-10 00:10:37,https://economictimes.indiatimes.com/markets/stocks/news/sbi-logs-biggest-single-day-gain-in-19-months-on-strong-q3-results/articleshow/128135161.cms,"State Bank of India shares surged over 7%, marking its biggest single-day gain in 19 months following stronger-than-expected December quarter results. Analysts cited robust loan growth and outperformance against peers, leading to price target upgrades and bullish derivative positions, suggesting further upside potential.","business, top"
226,"Indian stock indices extend gains over US trade deal, positive global cues",aninews,2026-02-10 00:00:00,https://www.aninews.in/news/business/indian-stock-indices-extend-gains-over-us-trade-deal-positive-global-cues20260210162300/,"Indian stock indices settled higher on Tuesday, extending gains from the previous session, with analysts attributing it to the interim trade deal with the US, the possible return of foreign institutional investors, and positive cues from other Asian markets.",world
227,Lalbaba Engineering Limited Signs MoU under Government of India's PLI Scheme for Specialty Steel,aninews,2026-02-10 00:00:00,https://www.aninews.in/news/business/lalbaba-engineering-limited-signs-mou-under-government-of-indias-pli-scheme-for-specialty-steel20260210180037/,"New Delhi [India], February 10: Lalbaba Engineering Limited, Kolkata-headquartered integrated manufacturer of seamless tubes, has signed a Memorandum of Understanding under the Government of India's Production Linked Incentive Scheme 1.2 for Specialty Steel marking its admission into the national programme aimed at strengthening domestic steel manufacturing.",world
228,SEBI proposes to lower minimum investment limit in Social Impact Funds to Rs 1000 from current Rs 2 lakhs,aninews,2026-02-10 00:00:00,https://www.aninews.in/news/business/sebi-proposes-to-lower-minimum-investment-limit-in-social-impact-funds-to-rs-1000-from-current-rs-2-lakhs20260210080500/,Market regulator Securities and Exchange Board of India (SEBI) has proposed to significantly reduce the minimum value of investment by individual investors in Social Impact Funds (SIFs) in a bid to deepen participation and strengthen the Social Stock Exchange (SSE) framework.,world
229,Embassy Developments Reports Nearly 240% QoQ Growth in Pre-sales in Q3 FY26; Key RERA Approvals Strengthen FY26 Outlook,aninews,2026-02-10 00:00:00,https://www.aninews.in/news/business/embassy-developments-reports-nearly-240-qoq-growth-in-pre-sales-in-q3-fy26-key-rera-approvals-strengthen-fy26-outlook20260210120439/,"Bengaluru (Karnataka)/ Mumbai (Maharashtra) [India], February 10: Embassy Developments Limited (""EDL"" or ""The Company"") (NSE: EMBDL / BSE: 532832) today announced its results for the third quarter ended December 31, 2025 (Q3 FY26), demonstrating strong sales traction, healthy cash flows, and continued progress on regulatory milestones.",world
230,"Nifty, Sensex open positive amid supportive global cues and FPI inflows, PSU banks, pharma stocks lead",aninews,2026-02-10 00:00:00,https://www.aninews.in/news/business/nifty-sensex-open-positive-amid-supportive-global-cues-and-fpi-inflows-psu-banks-pharma-stocks-lead20260210093432/,"The share market in the country witnessed a turnaround with a positive opening continuing on Tuesday, as foreign inflows returned to domestic markets and investor sentiment remained upbeat.",world
231,Hillhouse set to buy 5% in Quest Global,economictimes_indiatimes,2026-02-10 00:00:00,http://economictimes.indiatimes.com/industry/banking/finance/hillhouse-set-to-buy-5-in-quest-global/articleshow/128128048.cms,Asia-focused Hillhouse Investment Management is nearing a deal to acquire a 5% stake in Quest Global. The engineering services firm is valued at approximately $4.5 billion. This investment is part of Quest Global's pre-IPO fundraising. Singapore's Temasek may also secure a smaller stake. Quest Global is also considering a reverse flip to list on Indian stock exchanges.,business
232,Bengal Chief Electoral Officer To Meet ECI Today To Finalise New Date For Final Voters List Publication,menafn,2026-02-09 23:00:42,https://menafn.com/1110717976/Bengal-Chief-Electoral-Officer-To-Meet-ECI-Today-To-Finalise-New-Date-For-Final-Voters-List-Publication,"(MENAFN - IANS) Kolkata, Feb 10 (IANS) The Chief Electoral Officer (CEO), West Bengal, Manoj Kumar Agarwal will hold a crucial meeting with the full bench of the Election Commission of India (ECI) ...","politics, top"
233,"Pisces Horoscope Today for February 10, 2026: Entrepreneurs may sign new partnerships",hindustantimes,2026-02-09 22:41:55,https://www.hindustantimes.com/astrology/horoscope/pisces-daily-horoscope-today-for-february-10-2026-entrepreneurs-may-sign-new-partnerships-101770650414366.html,Pisces Daily Horoscope Today: Some professionals will also be happy to rework on a project to give better outcomes.,"business, top"
234,"Sagittarius Horoscope Today for February 10, 2026: Minor health issues may come up",hindustantimes,2026-02-09 22:39:14,https://www.hindustantimes.com/astrology/horoscope/sagittarius-daily-horoscope-today-for-february-10-2026-minor-health-issues-may-come-up-101770648972871.html,"Sagittarius Daily Horoscope Today: Stay away from gossip, and also ensure your productivity is not compromised today.","health, top"
235,"Virgo Horoscope Today for February 10, 2026: You should avoid crucial financial decisions today",hindustantimes,2026-02-09 22:35:34,https://www.hindustantimes.com/astrology/horoscope/virgo-daily-horoscope-today-for-february-10-2026-you-should-avoid-crucial-financial-decisions-today-101770647740469.html,Virgo Daily Horoscope Today: Students will find success in cracking competitive examinations and can expect their first job today.,"top, education"
236,"Leo Horoscope Today for February 10, 2026: Minor problems may bring trouble in your love life",hindustantimes,2026-02-09 22:34:34,https://www.hindustantimes.com/astrology/horoscope/leo-daily-horoscope-today-for-february-10-2026-minor-problems-may-bring-trouble-in-your-love-life-101770647429423.html,"Leo Daily Horoscope Today: Do not get into verbal fights with coworkers, and also avoid controversies.","politics, top"
237,"Cancer Horoscope Today for February 10, 2026: A personal ego-related argument may go out of hand",hindustantimes,2026-02-09 22:33:54,https://www.hindustantimes.com/astrology/horoscope/cancer-daily-horoscope-today-for-february-10-2026-a-personal-ego-related-argument-may-go-out-of-hand-101770647128454.html,Cancer Daily Horoscope Today: A client may accuse you of a lack of commitment.,"health, top"
238,"Taurus Horoscope Today for February 10, 2026: Some tasks may fail to give the expected outcomes",hindustantimes,2026-02-09 22:31:33,https://www.hindustantimes.com/astrology/horoscope/taurus-daily-horoscope-today-for-february-10-2026-some-tasks-may-fail-to-give-the-expected-outcomes-101770645063643.html,Taurus Daily Horoscope Today: Your commitment to your career might be at stake today.,"top, lifestyle"
239,SEBI Proposes Slashing SIF Investment For Individuals To Just Rs 1000,menafn,2026-02-09 22:09:37,https://menafn.com/1110717928/SEBI-Proposes-Slashing-SIF-Investment-For-Individuals-To-Just-Rs-1000,(MENAFN - AsiaNet News) SEBI Proposes Major Cut in SIF Minimum Investment Market regulator Securities and Exchange Board of India (SEBI) has proposed to significantly reduce the minimum value of ...,"business, top"
240,"Aker Biomarine Expands Its Presence In India Through Strategic Leadership, Partnerships, And Product Innovation",menafn,2026-02-09 21:45:54,https://menafn.com/1110717898/Aker-Biomarine-Expands-Its-Presence-In-India-Through-Strategic-Leadership-Partnerships-And-Product-Innovation,"(MENAFN - EIN Presswire) EINPresswire/ -- Aker BioMarine Human Health Ingredients (HHI), a global leader in sustainable marine-based nutrition, is strengthening its long-term commitment to India as ...","health, top"
241,Petcare startup Supertails raises $30 million led by Venturi Partners,economictimes_indiatimes,2026-02-09 20:31:00,https://economictimes.indiatimes.com/tech/funding/petcare-startup-supertails-raises-30-million-led-by-venturi-partners/articleshow/128122923.cms,"Petcare startup Supertails has raised $30 million in a round led by Singapore-based investment firm Venturi Partners with participation from Nippon India Alternative Investments, Titan Capital, and existing investors Fireside Ventures, RPSG Capital Ventures, Sauce VC, and Saama Capital.","business, top"
242,Transocean To Buy Offshore Rig Contractor Valaris For $5.8 Billion,oilprice,2026-02-09 20:30:00,https://oilprice.com/Latest-Energy-News/World-News/Transocean-To-Buy-Offshore-Rig-Contractor-Valaris-For-58-Billion.html,"Oilfield services firm Transocean (NYSE:RIG) will acquire offshore rig contractor Valaris (NYSE:VAL) in an all-stock deal valued at ~$5.8B, where Valaris shareholders will receive 15.235 shares of Transocean stock for each VAL share owned, representing a 31.6% premium based on the previous closing price. Transocean will own a 53% stake in the combined firm and Valaris will hold the remaining 47%. The transaction implies a combined enterprise value of ~$17B based on the stock’s most recent closing prices. The new entity is set to become...",business
243,Impresario in talks to acquire mid-sized restaurant chains ahead of proposed IPO,economictimes_indiatimes,2026-02-09 18:58:32,http://economictimes.indiatimes.com/industry/services/hotels-/-restaurants/impresario-in-talks-to-acquire-mid-sized-restaurant-chains-ahead-of-proposed-ipo/articleshow/128127812.cms,"Impresario Entertainment & Hospitality, owner of Social and Smoke House Deli, is in talks to acquire several mid-sized restaurant chains to scale up ahead of a proposed public listing. The company, majority-owned by India Resurgence Fund, aims to consolidate its position in the competitive food and beverage industry.",business
244,Why IPOs present more than an exit opportunity for startup investors,forbesindia,2026-02-09 17:41:18,https://www.forbesindia.com/article/news/why-ipos-present-more-than-an-exit-opportunity-for-startup-investors/2991204/1,"New York-based Tiger Global, egged on by its star executive Lee Fixel, first invested in Flipkart in 2009, when it was still an online bookseller. The valuation was $42 million. Over the next eight years, Tiger’s investment in the Indian startup rose to $1.2 billion.When Walmart acquired 77 percent equity in Flipkart in 2018 for $16 billion, it renewed venture capital (VC) investors’ faith in India as a land of returns. This faith had begun to waver because no VC had made much money from Indian startups by that time. And Flipkart itself, about 18 months before the Walmart deal, was seen as a company cowering under the heat of competition from Amazon.However, the Walmart-Flipkart deal as well as the subsequent turn of events have made investors realise that India is charting a distinctive course that VC firms are still coming to terms with. The VC playbook, as drafted in the world’s most developed startup ecosystem, the US, says nine out of 10 investments would fail. But the 10th, the one to succeed, will give such a high return—90- to 100-times the investment—that it would make up for the failures.That is not what is happening in India. For instance, Tiger, by the time it fully exited Flipkart in 2023, walked away with cumulative proceeds of about $5 billion.Indeed, the last few months have seen impressive returns for VCs from Indian startups. Pine Labs reportedly gave Peak XV 39x returns. Accel India is said to have made 29x returns from Urban Company. Elevation Capital made 37x from Meesho and 19x from Urban Company.If you look elsewhere, the x figure tapers off. And one more thing: The returns in Pine Labs, Urban Company, and Meesho were realised during their initial public offers, or IPOs.“A large number of exits [in India] have happened through IPOs, whereas in the US, in tech, probably 70 to 80 percent of exits happened due to sales to strategic or mid-market private equity, which is not yet a well-developed ecosystem in India for the tech industry,” says Anuj Bhargava, managing director-India at Lightspeed India Partners. He points out that the bar to IPO in India is slightly lower compared to what the market expects in the US. “Unless you are a $500 million company in the US, you cannot even think of an IPO. In India you can IPO at one-fifth or one-tenth the size.”The impetus for startup IPOs also comes from the Securities and Exchange Board of India. The markets regulator last year tweaked rules governing employee stock options and compulsorily convertible securities to encourage startups to list in India.“Indian public markets allow listings at valuations as low as about $700 million, unlike the US, where companies often need valuations around $10 billion to attract research and analyst coverage. As a result, US companies valued at roughly $6 billion often pursue M&A for exits. India’s lower threshold reduces the incentive to sell and enables companies to raise public capital instead, while giving investors an exit path beyond limited M&A activity,” explains Ashutosh Sharma, head of India ecosystem at Prosus.Eighteen new-age technology companies made their public market debuts in 2025. The momentum is likely to continue in 2026, with big names such as PhonePe, Razorpay, NSE, boAt, and others awaiting their turn.These new-age tech IPOs are different from the first wave led by the likes of Eternal (previously known as Zomato), Nykaa, Delhivery, and others between 2021 and 2023 in terms of the time taken to list on public markets as well as the greater emphasis on profitability being showed in the runup to the more recent floats.In a market where liquidity for investors through mergers and acquisitions (M&A) is sparse and secondary transactions are feasible only for early-stage investors, public market listing has emerged as the chosen option for ringing in the right returns. Early-stage bets by venture capital firms Accel India, Peak XV, Elevation Capital, and Lightspeed India Partners have recorded multi-bagger exits in 2025.For startup entrepreneurs in the fray, IPOs present more than an exit opportunity; they have become a means to raise capital at better valuations, in addition to creating a national brand. Take, for example, coaching and test prep platform Physics Wallah, which made its public market debut in November 2025. Ahead of the listing, co-founder Prateek Maheshwari had told Forbes India that the decision to target the public markets was founder-driven.“We are a hyper-growth cash-generating company and started preparing for a public listing in September 2024. We wanted to list while young to share our growth with retail investors. Being a listed company gives us an opportunity to become a pan-India brand across multiple languages and geographies,” Maheshwari had said.The company, founded in 2020, is an exception; the bulk of the startup IPOs in 2025 was of companies with 10 to 15 years’ vintage, offering liquidity to early and growth investors. Of the ₹3,480 crore Physics Wallah raised from retail investors, only ₹380 crore made up the Offer-for-Sale (OFS) portion, in which the founders sold their shares, while no investor sought an exit. The remaining ₹3,100 crore was fresh capital raised by the company to power its growth.However, there were other listings in 2025, such as of Lenskart and Groww, where the OFS made up for nearly 70 percent and 84 percent of the issue sizes. These numbers show the difference between companies tapping the public markets for growth capital, such as Physics Wallah and Meesho, and the profitable hyper-scalers such as Lenskart and Groww, where the opportunity is used to give an exit to investors on the cap table.Also Read: Warburg Pincus in India recalibrates its PE strategyAttractive Indian MarketsA clear shift in the way markets operate and the macroeconomic conditions have made the Indian public markets attractive over the years.“The supply of large-scale technology companies has increased as companies founded in the 2014-15 wave have scaled for an IPO. On the demand side, public markets are now receptive to these types of companies, which might not be profitable. Third is the growing domestic investor base, which has made capital available for more public listings,” says Abhinav Chaturvedi, partner at Accel India.Companies listing in the public markets in India today are no longer dependent on foreign institutional investors (FIIs). FII flows into Indian markets have been volatile over the last three years due to global economic developments, while the share of domestic institutional investors (DIIs) such as mutual funds, insurers and banks has picked up. According to recent exchange data, DIIs invested about ₹7.1 lakh crore in Indian equities in 2025—up 35 percent from 2024.According to data from Prime Database, mutual funds (MFs) have invested around ₹22,750 crore in initial public offerings (IPOs) in 2025, accounting for nearly 19 percent of the total ₹1.22 lakh crore raised from the primary market this year. The increase in investment was nearly 12 percent from the contribution of ₹20,351 crore by MFs in IPOs in 2024—a historic high.The rise in digital distribution and India stack tools like Aadhaar-linked KYC make it easier for retail investors to participate in IPOs. These factors contribute to the robustness of Indian public markets.“Investors are looking at where the alpha will come from. This is driving interest in the tech story. If you look at US public markets, technology companies are a large part of the market cap. In China as well, tech is becoming substantial. In India, all the new-age technology companies put together make up a small part of the public market cap, but this segment is growing rapidly. As more VC-funded companies scale and go public, tech market cap will continue to grow,” says GV Ravishankar, managing director at Peak XV. In India, new-age tech companies put together make a small part of the public market cap, [but] as more VC-funded companies go public, tech market cap willcontinue to grow.”GV RAVISHANKAR, Managing director, Peak XVThe preferred exit optionGiven the buoyancy in Indian public markets, IPOs are the best-case exit scenario for investors in a country where the M&A ecosystem is yet to pick up speed and secondary exits are just about starting to grow.“Across the 18 mainboard new-age tech companies, which went public in 2025, the ratio of OFS to fresh issuance was 55 percent to 45 percent. It is not disproportionately skewed and depends on the cycle the company is in,” says Akshay Gupta, director at corporate advisory and investment banking firm, Prime Securities.Gupta compares the IPO structures of wealth tech platform Groww and value-commerce platform Meesho. “Groww is a market leader, hugely profitable and scale, with more than 10 million users. It does not need more cash to continue on its growth path and that was obvious from the bulk share of OFS in its issue size,” he says. In contrast, Meesho, despite being a market leader, needs more capital to grow and turn profitable and revised its OFS, reducing it to only 20 percent of the total issue size ahead of the listing.“Yes, OFS is also a function of funds coming to an end and therefore needing to exit, but that can be achieved through secondary sales in follow-on rounds or by selling to a private equity investor,” adds Gupta. He says the trend is likely to continue in 2026, as long as Indian public markets continue to offer robust returns.Search for LiquidityTypically, an early-stage investor would exit to hedge funds, sovereign funds, pension funds and growth arm of private equity (PE) funds. Closer to IPO, large family offices, pre-IPO funds and wealth platforms offer liquidity opportunity to early investors, says Bhargava of Lightspeed India.“M&A as a method to exit hasn’t been very active in India historically, though the trend is now changing. Traditional buyers in India such as large conglomerates have a different lens of looking at new-age companies. However, there are large Indian technology companies and global strategics who are also potential buyers,” says Bhargava. When you have a well-functioning M&A market, along with well-functioning capital markets, he says, is when you can call it an evolved ecosystem.This leaves secondary transactions and public listings as other options for exit for venture capital (VC) investors. Secondary transactions or secondaries are transfer of ownership of existing stocks between a seller (in this case investor) and buyer (new investor, who is joining the cap table) without changing the company’s balance sheet or issuing new shares. However, a common complaint against both avenues remains that these take time to execute, and in both cases, the buyer often expects a discount on the valuation.“There are companies where secondary funds are willing to pay a premium for a position ahead of the IPO but these are the sellers’ market and fewer in number,” says a growth investor on condition of anonymity. He adds that acquisitions in the Indian markets often take many quarters to a year to close, especially between domestic firms. The supply of largescale tech companies has increased... as those founded in the 2014-15 wave have scaled for an IPO. The public markets are also receptive to firmsthat aren’t yet profi table.”ABHINAV CHATURVEDI, Partner, Accel indiaBetter returnsOver the last year, multiple technology startups, including Flipkart, Groww, Pine Labs, Razorpay and PhonePe, have moved back domicile to India, driven by regulatory reforms, and to tap into the domestic public markets. One of the key reasons is the lower entry barrier compared to its peers in the US.According to private company data and analysis specialist Venture Intelligence and other estimates, the average IPO size for VC- and PE-backed technology companies in 2025 stood at approximately $426 million. However, returns from IPO events are also lower compared to their US peers. “The absolute size of some winners in the US is different from that in India, as is the median size of equity offering from the companies going public. The size of the entry cheque in Indian companies is also lower, and India has seen some good exit outcomes,” says Bhargava of Lightspeed.Sharma of Prosus adds that the Indian tech IPO market is younger compared to the US, lacking decades of compounding businesses, and thus the post-IPO upside in these two regions are not comparable.Streamlining the IPO process“Not all companies that are listed have predictable performances,” observes Ravishankar of Peak XV.He adds that startups are sometimes not prepared for life as a publicly listed company and end up treating public markets like private markets. In these situations, business predictability becomes key and scale is important to ensure analyst coverage and access to larger public markets investors.“We have just started witnessing tech startup IPOs in India and VC funds are still working on improving their playbooks to support companies as they transition from private to public. Most importantly, going public is a milestone, not a destination... it is practically an irreversible step,” says Ravishankar. He adds that public markets need predictable execution and no negative surprises. “We have seen 20-plus companies in our portfolio go public in the last five years, but that’s only a subset of the companies that want to go public.”Peak XV asks its portfolio companies whether they have predictability of revenues and earnings in their businesses.Second, they have to be comfortable with the idea of facing public scrutiny and hard questions.Third, founders should have the maturity to focus on building for the long term instead of worrying about short-term stock performance. VC firms often end up creating separate teams to handhold entrepreneurs in their portfolio through the process of preparing for the outcomes.Often startups preparing for an IPO are blindsided by the amount of paperwork and diligence required to set their house in order. Prashant Gupta, partner and national practice head-capital markets at law firm Shardul Amarchand Mangaldas & Co, says these processes require 12 to 24 months.“Companies do not realise the amount of effort it takes to do an IPO, the documentation needed, or financials and audit which are different from regular audits,” says Gupta. “There is also the question of founder incentives, which takes a long time to sort out. Often it can derail the entire IPO process because what the founder expects versus what the investors are willing to give are completely different. So, when companies come to us 12 to 24 months ahead of the IPO, we can help them prepare better.”Riding the Wave“Indian founders over the last year have shown that they can build enduring, disciplined businesses leading to companies with fundamentals strong enough to go public and perform in the markets. The recent wave of listings has been shaped by founders who prioritised sustainable growth, realistic valuations and governance built for scale, which is why public-market reception has been strong. More such mature, long-term companies are now coming through the pipeline,” says Anand Daniel, partner, Accel.According to him, the momentum is only just beginning. “Globally, IPO activity is one of the highest in India today, and Indian startup IPOs will take an even bigger share of global listings going forward,” he adds.","business, top"
245,"India can’t rely on IT services alone, must build deep tech or risk being locked out: Zerodha’s Nithin Kamath",moneycontrol,2026-02-09 17:09:50,https://www.moneycontrol.com/news/india/india-can-t-rely-on-it-services-alone-must-build-deep-tech-or-risk-being-locked-out-zerodha-s-nithin-kamath-13820091.html,"Nithin Kamath said global tech supply chains are being reshaped by geopolitics, with countries tightening controls on chips, critical minerals and advanced manufacturing equipment","top, technology"
246,How Mukesh Ambani and Larry Fink are giving nightmares to Indian bankers? JioBlackRock plans to...,news24online,2026-02-09 16:59:40,https://news24online.com/business/how-mukesh-ambani-and-larry-fink-are-giving-nightmares-to-indian-bankers-jioblackrock-plans-to-encourage-capital-market-investments/741328/,"Mukesh Ambani and BlackRock CEO Larry Fink said JioBlackRock wants to encourage Indians to save, but convert these into earnings.The post How Mukesh Ambani and Larry Fink are giving nightmares to Indian bankers? JioBlackRock plans to... appeared first on News24.","politics, top"
247,India's petroleum reserves can last 74 days in case of global turbulence: Oil Minister Puri,cnbctv18,2026-02-09 16:54:02,https://www.cnbctv18.com/energy/indias-petroleum-reserves-can-last-74-days-in-case-of-global-turbulence-oil-minister-puri-19846102.htm,"India's strategic petroleum reserve can last 74 days to meet the demand arising out of any global turbulence, Oil Minister Hardeep Singh Puri informed the Rajya Sabha on Monday.","business, top"
248,"Trade Setup: Nifty Finds Key Support At 25,400 On Positive Bias Amid Volatile Global Cues",ndtv,2026-02-09 16:51:50,https://www.ndtvprofit.com/markets/trade-setup-for-feb-10-nifty-50-finds-key-support-at-25-400-on-positive-bias-amid-volatile-global-cues-10977107,"For Nifty 50, the bias remains positive and a surge above Monday's high of 25,922 will open further upside towards 26,100, analysts say.","business, top"
249,How Long Can India’s Oil Reserves Last in Case of Global Turbulence? Union Minister Answers,timesnownews,2026-02-09 16:29:04,https://www.timesnownews.com/india/india-oil-reserves-can-last-upto-74-days-if-world-faces-global-turbulence-says-union-petroleum-minister-hardeep-singh-puri-article-153587031,"Union Home Minister Hardeep Singh Puri addressed the Rajya Sabha, stating that India's petroleum reserves can sustain the country for 74 days during global disruptions.","business, top"
250,India’s urban housing crisis: When Mumbai costs more than Manhattan,thenorthlines,2026-02-09 16:24:32,https://thenorthlines.com/indias-urban-housing-crisis-when-mumbai-costs-more-than-manhattan/,"Country’s middle class finding houses on Metros unaffordable By T N Ashok By the time you finish reading this sentence, another middle-class Indian family has abandoned the dream of owning a home. Across India’s sprawling cities—from Mumbai’s glass towers to the expanding edges of Pune and Hyderabad—homeownership has shifted from aspiration to impossibility for [...]The post India’s urban housing crisis: When Mumbai costs more than Manhattan appeared first on Northlines.","business, politics, top"
251,"Top Business & Market Headlines Today — BL Morning Report, Feb 10, 2026",thehindubusinessline,2026-02-09 16:09:50,https://www.thehindubusinessline.com/multimedia/audio/bl-morning-report-feb-10-2026-farm-protest-epfo-upi-starlink-anthropic/article70612402.ece,"BL Morning Report February 10, 2026: Get today’s top business news, market headlines about the Stock Market, Sensex & Nifty trends, key market insights, economic highlights, and the latest updates from India and global markets",technology
252,"Mukul Agrawal buys stake in Tracxn Technologies, one more smallcap stock via bulk deals",economictimes_indiatimes,2026-02-09 16:09:21,https://economictimes.indiatimes.com/markets/stocks/news/mukul-agrawal-buys-stake-in-tracxn-technologies-one-more-smallcap-stock-via-bulk-deals/articleshow/128121850.cms,Investor Mukul Agrawal bought 20 lakh shares each in Tracxn Technologies and Laxmi India Finance via bulk deals. The purchases triggered sharp stock gains despite both smallcaps remaining steeply below recent highs and IPO or yearly levels for investors now.,"business, top"
253,Malabar Gold offloads 0.82% stake in Tribhovandas Bhimji Zaveri,moneycontrol,2026-02-09 16:01:55,https://www.moneycontrol.com/news/business/markets/malabar-gold-offloads-0-82-stake-in-tribhovandas-bhimji-zaveri-13820017.html,"This was in addition to 0.79 percent stake sold by Malabar Gold in TBZ on January 19. As of December 2025, Malabar Gold had held 2.89 percent stake in TBZ.","business, top"
254,India’s Oil Reserves Can Last 74 Days: Puri,kashmirobserver,2026-02-09 16:01:41,https://kashmirobserver.net/2026/02/09/indias-oil-reserves-can-last-74-days-puri/,"Kashmir, Observer, Jammu, Srinagar, Latest Kashmir News, Kashmir News, Kashmir Latest NewsIndia's strategic petroleum reserve can last 74 days to meet the demand arising out of any global turbulence, Oil Minister Hardeep Singh Puri informed the Rajya Sabha on Monday.The post India’s Oil Reserves Can Last 74 Days: Puri appeared first on Kashmir Observer.",business
255,"Kumar Mangalam Birla hikes stake in Vodafone Idea, stock jumps 4%",thehindubusinessline,2026-02-09 15:59:35,https://www.thehindubusinessline.com/markets/kumar-mangalam-birla-hike-stake-in-vodafone-idea-stock-jumps-4/article70612279.ece,Birla purchased 2.21 crore shares on January 30 and another 1.88 crore shares on February 1 at ₹11.13 per share,business
256,Unlisted Shares in India: What Smart Investors Should Know in 2026,kashmirobserver,2026-02-09 15:49:35,https://kashmirobserver.net/2026/02/09/unlisted-shares-in-india-what-smart-investors-should-know-in-2026/,"Kashmir, Observer, Jammu, Srinagar, Latest Kashmir News, Kashmir News, Kashmir Latest NewsUnlisted shares are equity shares of a company that are not listed on recognized stock exchanges, like the NSE or the BSE. Even the NSE unlisted shares are traded privately.The post Unlisted Shares in India: What Smart Investors Should Know in 2026 appeared first on Kashmir Observer.",business
257,ECI issues second directive to Bengal on police transfers ahead of polls,yespunjab,2026-02-09 15:30:35,https://yespunjab.com/eci-issues-second-directive-to-bengal-on-police-transfers-ahead-of-polls/,"Kolkata, Feb 9, 2026 The Election Commission of India (ECI) has sent a fresh communication to the West Bengal government, asking it to complete the process of transfer of police officers at various levels in the state by February 15, amid the crucial Assembly elections scheduled later this year. The communication has been sent to [...]The post ECI issues second directive to Bengal on police transfers ahead of polls appeared first on Yes Punjab News.","politics, top"
258,"Logistics Policy 2.0, Master Plan to drive TG plans to be inland hub on cards",thehindu,2026-02-09 15:29:14,https://www.thehindu.com/news/national/telangana/logistics-policy-20-master-plan-to-drive-tg-plans-to-be-inland-hub-on-cards/article70612031.ece,Telangana's Logistics Policy 2.0 aims to establish the state as India's premier inland logistics hub by 2047.,"business, top"
259,India's Petroleum Reserves Can Last 74 Days In Case Of Global Turbulence: Oil Minister Puri,etvbharat,2026-02-09 15:27:30,https://www.etvbharat.com/en/bharat/indias-petroleum-reserves-can-last-74-days-in-case-of-global-turbulence-says-oil-minister-puri-enn26020906872,"Oil Minister Hardeep Singh Puri said that for any country like India, there must be a very viable and secure reserve.",business
260,Marico to acquire 75% of Vietnam’s Skinetiq in Rs 261 crore deal,economictimes_indiatimes,2026-02-09 15:24:17,http://economictimes.indiatimes.com/markets/stocks/news/marico-to-acquire-75-of-vietnams-skinetiq-in-rs-350-crore-deal/articleshow/128120476.cms,"Marico will acquire a 75% stake in Vietnam-based D2C beauty firm Skinetiq for Rs 350 crore valuation, strengthening its premium beauty and international D2C strategy. The deal allows Marico to buy remaining shares post FY28, subject to milestones achievement criteria.",business
261,Marico to acquire 75% of Vietnam’s Skinetiq in Rs 350 crore deal,economictimes_indiatimes,2026-02-09 15:24:17,https://economictimes.indiatimes.com/markets/stocks/news/marico-to-acquire-75-of-vietnams-skinetiq-in-rs-350-crore-deal/articleshow/128120476.cms,"Marico will acquire a 75% stake in Vietnam-based D2C beauty firm Skinetiq for Rs 350 crore valuation, strengthening its premium beauty and international D2C strategy. The deal allows Marico to buy remaining shares post FY28, subject to milestones achievement criteria.","business, top"
262,"Mumbai To Host Inaugural Climate Week Summit From February 16, Featuring Global Leaders And Local Action",freepressjournal,2026-02-09 15:14:28,https://www.freepressjournal.in/mumbai/mumbai-to-host-inaugural-climate-week-summit-from-february-16-featuring-global-leaders-and-local-action,"Mumbai Climate Week, India’s first platform dedicated to accelerating climate action, will be held from February 16 to 18 at BKC. Hosted by Project Mumbai with the Maharashtra government and BMC, the summit will feature over 35 national and international speakers discussing urban resilience, climate finance and citizen-led solutions for the Global South.","top, environment"
263,"FMCG firms point to sequential demand recovery, urban volumes inching up",thehindubusinessline,2026-02-09 15:08:23,https://www.thehindubusinessline.com/companies/fmcg-firms-point-to-sequential-demand-recovery-urban-volumes-inching-up/article70612013.ece,Malhotra also pointed out that there are signs of improvement in urban demand trends even as rural continued to outpace urban volume growth,business
264,India seeks global consensus to prevent harmful AI; VCs rewire funds for AI; and Stock brokers' new year Groww-th,moneycontrol,2026-02-09 15:08:14,https://www.moneycontrol.com/news/podcast/india-seeks-global-consensus-to-prevent-harmful-ai-vcs-rewire-funds-for-ai-and-stock-brokers-new-year-groww-th-13820069.html,"In today’s Tech3 from Moneycontrol, we track India’s push for a global AI rulebook ahead of the AI Impact Summit and the ripple effects, including a sharp spike in Delhi hotel rates. We also break down how venture capital funds are rewiring strategies around AI, why broker growth is consolidating around large platforms like Groww, and a big fintech funding plan by former Premji Invest partner and ICICI veteran Bijith Bhaskar.","top, technology"
265,"Ruckus in LS, a printed copy, then a viral PDF, now FIR: Journey of Gen Naravane's book at heart of Rahul vs Modi govt",hindustantimes,2026-02-09 15:00:36,https://www.hindustantimes.com/india-news/ruckus-in-ls-a-printed-copy-then-a-viral-pdf-now-fir-journey-of-gen-naravanes-book-at-heart-of-rahul-vs-modi-china-101770647087027.html,"Gandhi started row on Feb 2, but not with the book as such; he first brought a magazine article to LS, then flashed printed copy of ‘4 Stars of Destiny’ outside","politics, top"
266,"Digital arrest: High-level inter-departmental committee set up, CBI takes over major Delhi scam",mathrubhumi,2026-02-09 14:39:06,https://english.mathrubhumi.com/news/crime/digital-arrest-high-level-inter-departmental-committee-set-up-cbi-takes-over-major-delhi-scam-knze2x4b,The Ministry of Home Affairs (MHA) has set up a high-level inter-departmental committee (IDC) to tackle the rising menace of “digital arrests” and online fraud in India.,"crime, top"
267,RIIT wins concession of five national highway assets,economictimes_indiatimes,2026-02-09 14:32:16,https://economictimes.indiatimes.com/industry/transportation/roadways/riit-wins-concession-of-five-national-highway-assets/articleshow/128118721.cms,"These five sections of national highways amounting to Rs 9,500 crore extend over 260 km across four states. Going forward, the National Highways Authority of India will provide further assets of about 1,500 km to RIIT, its first public InvIT for monetisation, NHAI said on Monday. A Public Infrastructure Investment Trust (InvIT) is an investment vehicle that enables retail investors to directly invest in and earn income from a pool of operational infrastructure projects.","business, top"
268,India's petroleum reserves can last 74 days in case of global turbulence: Oil Minister Hardeep Singh Puri,economictimes_indiatimes,2026-02-09 14:29:49,https://economictimes.indiatimes.com/industry/energy/oil-gas/indias-petroleum-reserves-can-last-74-days-in-case-of-global-turbulence-oil-minister-hardeep-singh-puri/articleshow/128118648.cms,"Replying to supplementaries during Question Hour, the minister said for any country like India, which is growing at a phenomenal pace, there must be a very viable and secure reserve, so that it is not in a vulnerable situation in the case of global turbulence.","business, top"
269,Indian economy FY27 forecast: Moody’s gives thumbs up; insights on GDP,news9live,2026-02-09 14:27:00,https://www.news9live.com/business/economy/indian-economy-fy27-forecast-moodys-gives-thumbs-up-insights-on-gdp-2928589,"Moody’s Ratings projects India’s economy will be the fastest-growing among G20 nations by 2026-27, with a 6.4% GDP growth. This robust expansion is fueled by strong domestic consumption, strategic policy measures, and a resilient banking system.",business
270,Marico to acquire 75% stake in Vietnamese skincare start-up Skinetiq,thehindubusinessline,2026-02-09 14:25:19,https://www.thehindubusinessline.com/companies/marico-acquires-75-stake-in-vietnamese-skincare-startup-skinetiq/article70611526.ece,"The deal marks Marico's strategic push into Vietnam's rapidly evolving beauty market, where e-commerce and social commerce now account for roughly 50 per cent of category consumption.",business
271,SBI surges to record high as markets rally on US trade deal optimism,thehindubusinessline,2026-02-09 14:01:10,https://www.thehindubusinessline.com/markets/sbi-surges-to-record-high-as-markets-rally-on-us-trade-deal-optimism/article70611141.ece,"State Bank of India emerged as the top gainer on the Nifty50, surging 7.63 per cent to ₹1,147.80 after reporting better-than-expected third-quarter earnings and upgrading its full-year loan growth guidance",business
272,"Gen Naravane's memoir, at heart of Rahul vs Modi govt over China, leaked in PDF format; Delhi police say probe on",hindustantimes,2026-02-09 13:54:57,https://www.hindustantimes.com/india-news/gen-naravanes-memoir-at-heart-of-rahul-vs-modi-govt-over-china-leaked-in-pdf-format-delhi-police-say-probe-on-101770644891263.html,"The necessary clearance for publication of this book is yet to be received from the relevant authorities, Delhi Police spokesperson said.","politics, top"
273,PM Modi’s US trade deal resembles an IMF bailout,deccanherald,2026-02-09 13:54:29,https://www.deccanherald.com/opinion/pm-modis-us-trade-deal-resembles-an-imf-bailout-2-3892334,"US-India Trade: Explore how Modi’s trade deal mirrors an IMF bailout, challenging India’s autonomy in global markets.","business, top"
274,Broker’s call: Tata Steel (Hold),thehindubusinessline,2026-02-09 13:45:02,https://www.thehindubusinessline.com/markets/brokers-call-tata-steel-hold/article70611363.ece,IDBI Capital,business
275,Amazon is using AI to help people find their missing dogs: Here's how,economictimes_indiatimes,2026-02-09 13:37:38,https://economictimes.indiatimes.com/news/new-updates/amazon-ring-ai-search-party-missing-dogs-smart-homes-artificial-intelligence-real-world-use/articleshow/128114009.cms,"Amazon Ring's new AI feature, Search Party for Dogs, is helping reunite lost pets with owners. Neighborhood Ring cameras scan for missing dogs, alerting owners if a match is found. This technology has already helped bring home 99 dogs. The system uses computer vision to identify breeds and sizes.","top, technology"
276,Bad Bunny DELETES social media posts after historic Super Bowl LX halftime show; fans say 'He broke the internet',toi,2026-02-09 13:34:21,https://timesofindia.indiatimes.com/entertainment/english/music/news/bad-bunny-deletes-social-media-posts-after-historic-super-bowl-lx-halftime-show-fans-say-he-broke-the-internet/articleshow/128116446.cms,"Following his Super Bowl halftime performance, Bad Bunny unexpectedly deleted his entire Instagram presence, sparking widespread fan speculation and memes about a strategic reset. The show, a vibrant celebration of Puerto Rican culture sung entirely in Spanish, divided opinions and drew criticism from Donald Trump, further amplifying the conversation around the artist's global influence.","top, entertainment"
277,India's petroleum reserves can last 74 days in case of global turbulence: Oil Minister Puri,hindustantimes,2026-02-09 13:33:00,https://www.hindustantimes.com/india-news/indias-petroleum-reserves-can-last-74-days-in-case-of-global-turbulence-oil-minister-puri-101770643981207.html,India's petroleum reserves can last 74 days in case of global turbulence: Oil Minister Puri,"business, top"
278,India's petroleum reserves can last 74 days in case of global turbulence Oil Minister Puri,theweek_in,2026-02-09 13:32:25,https://www.theweek.in/wire-updates/national/2026/02/09/indias-petroleum-reserves-can-last-74-days-in-case-of-global-turbulence-oil-minister-puri.html,"New Delhi, Feb 9 (PTI) India's strategic petroleum reserve can last 74 days to meet the demand arising out of",world
279,"India's Public Sector Banks Post Record ₹52,603 Crore Profit In Q3 FY26, Led By SBI",freepressjournal,2026-02-09 13:24:03,https://www.freepressjournal.in/business/indias-public-sector-banks-post-record-52603-crore-profit-in-q3-fy26-led-by-sbi,"Led by State Bank of India, public sector banks posted a record cumulative profit of ₹52,603 crore in the December quarter, marking an 18% year-on-year rise. SBI alone contributed 40% of total earnings with a net profit of ₹21,028 crore. Aggregate PSB profits for nine months crossed ₹1.46 lakh crore for the first time.","business, top"
280,Global Oil Market Faces Supply Glut Fears Despite Fresh Price Gains,newsable_asianetnews,2026-02-09 13:23:16,https://newsable.asianetnews.com/gallery/business/crude-oil-prices-in-us-on-february-9-2026-rise-amid-iran-deal-hopes-rhgc26s,"Crude oil traded near $63.68 per barrel on February 9, posting a small daily gain and a strong monthly rise, though still lower than last year. Prices are being driven by geopolitical tensions, especially talks linked to Iran and supply routes fears.","business, top"
281,"Public sector banks post 18% growth in profit to record ₹52,603 cr in Q3",thehindu,2026-02-09 13:20:01,https://www.thehindu.com/business/Industry/public-sector-banks-post-18-growth-in-profit-to-record-52603-cr-in-q3/article70611169.ece,"Market leader SBI alone contributed 40% to the total earnings of ₹52,603 crore, as per the published numbers on stock exchanges",business
282,How AI in Trading is Redefining the Landscape in India,republicworld,2026-02-09 13:07:27,https://www.republicworld.com/initiatives/how-ai-in-trading-is-redefining-the-landscape-in-india,"Discover how AI in trading, AI-based stock trading, and algo trading are transforming India’s investment landscape with advanced tools and strategies.","top, technology"
283,Fixed Deposit Interest Rate In February 2026: Check Banks Offering Highest Interest Rates On FDs Post RBI MPC,english_jagran,2026-02-09 13:06:45,https://www.thedailyjagran.com/business/fixed-deposit-interest-rate-in-february-2026-check-banks-offering-highest-interest-on-fds-post-rbi-keeps-repo-rate-unchanged-10297715,"Fixed Deposit interest rates India,FD rates February 2026,RBI repo rate impact on fixed deposits,Highest FD rates 2026,Senior citizen FD rates India,SBI FD rates February 2026,Small Finance Bank FD rates India,Compare bank FD rates India","business, top"
284,"PSB earnings surge: Public sector banks post Rs 52,603 crore Q3 profit; SBI leads record growth",toi,2026-02-09 12:50:25,https://timesofindia.indiatimes.com/business/india-business/psb-earnings-surge-public-sector-banks-post-rs-52603-crore-q3-profit-sbi-leads-record-growth/articleshow/128115277.cms,"Public sector banks achieved a record profit of over Rs 52,000 crore in the third quarter. This marks an 18 percent increase year-on-year. State Bank of India led the performance, contributing significantly to the overall earnings. Several other banks also reported strong profit growth. The aggregate profit for the nine months crossed Rs 1.45 lakh crore.","business, top"
285,Unlisted Shares in India What Smart Investors Should Know in 2026,theweek_in,2026-02-09 12:47:26,https://www.theweek.in/wire-updates/business/2026/02/09/unlisted-shares-in-india-what-smart-investors-should-know-in-2026.html,"New Delhi [India], February 09: The rising Indian capital markets mean that investors look beyond buying equity shares on public",business
286,Transformers and Rectifiers shares zoom over 15%; is more steam left in this smallcap stock?,businesstoday,2026-02-09 12:37:54,https://www.businesstoday.in/markets/stocks/story/transformers-and-rectifiers-shares-zoom-over-15-is-more-steam-left-in-this-smallcap-stock-515294-2026-02-09,"Technically, some analysts noted that immediate support for TARIL's counter could be seen in the Rs 248-245 range. That said, one of them mentioned that it appeared 'bullish' on charts.","business, top"
287,Kalyan Jewellers' shares zoom over 15 pc after Q3 earnings,theweek_in,2026-02-09 12:32:33,https://www.theweek.in/wire-updates/business/2026/02/09/kalyan-jewellers-shares-zoom-over-15-pc-after-q3-earnings.html,"New Delhi, Feb 9 (PTI) Shares of Kalyan Jewellers India zoomed more than 15 per cent on Monday",business
288,"NCLT clears Ambuja-Sanghi merger, paving way for smoother expansion and bigger cement play",cnbctv18,2026-02-09 12:28:00,https://www.cnbctv18.com/business/companies/nclt-clears-ambuja-cements-merger-with-sanghi-industries-ws-l-19845893.htm,"Ambuja Cements, which is already the promoter of Sanghi Industries with a 58.08% equity stake, had completed the acquisition of Sanghi at an enterprise value of about ₹5,185 crore.","business, top"
289,"India Can Hit Net Zero by 2070 Without Slowing Growth, But Needs $22.7 Trillion Investment: NITI Aayog",etvbharat,2026-02-09 12:26:52,https://www.etvbharat.com/en/bharat/india-can-hit-net-zero-by-2070-without-slowing-growth-but-needs-22-dollars-7-cents-trillion-investment-niti-aayog-enn26020904846,"India can reach net zero by 2070 without hurting growth, but it will need $22.7 trillion to overhaul energy and industry, says NITI Aayog.",business
290,Why did Vi shares jumped today? The Kumar Mangalam Birla connection,news9live,2026-02-09 12:25:00,https://www.news9live.com/business/markets/why-did-vodafone-idea-share-price-jumped-today-the-kumar-mangalam-birla-connection-2928537,"Vodafone Idea shares surged after promoter Kumar Mangalam Birla increased his stake and Emkay Global upgraded the stock, raising its target price. Government approval for AGR moratorium further boosted investor confidence, easing payment pressure and improving cash flow. While long-term stability looks promising, increasing the customer base and ARPU remain key challenges for Vi.",business
291,Public sector banks post 18 pc growth in profit to record Rs 52 603 cr in Q3,theweek_in,2026-02-09 12:17:25,https://www.theweek.in/wire-updates/business/2026/02/09/public-sector-banks-post-18-pc-growth-in-profit-to-record-rs-52-603-cr-in-q3.html,"New Delhi, Feb 9 (PTI) Led by the country's biggest lender State Bank of India (SBI), public sector banks logged",business
292,CMFRI achieves breakthrough in captive breeding of mangrove clam,edexlive,2026-02-09 12:15:00,https://www.edexlive.com/news/cmfri-achieves-breakthrough-in-captive-breeding-of-declining-mangrove-clam,"India's efforts to unlock deep-sea resources gain public attention at ''Fish Fest'', says CMFRI","environment, top"
293,Is BEML a good share to buy? What brokerage is saying,news9live,2026-02-09 12:08:00,https://www.news9live.com/business/markets/is-beml-a-good-share-to-buy-what-brokerage-is-saying-2928513,"BEML shares are expected to record a significant jump, Brokerage firm Elara Capital said. The firm expected the stock to rise up to Rs 2,700 apiece.",business
294,'Not aware': Kalyan Jewellers clarifies on exchange query; stock jumps 15%; what's next?,businesstoday,2026-02-09 12:06:47,https://www.businesstoday.in/markets/stocks/story/not-aware-kalyan-jewellers-clarifies-on-exchange-query-stock-jumps-15-whats-next-515285-2026-02-09,"The Thrissur-based jeweller, in its response, said, ""We are not aware of any further information that has not been informed to the exchanges.""","business, top"
295,"SBI, Bank of India among other PSU bank shares rise up to 8% amid strong buying; PSU Bank index gain up to... - Moneycontrol",google,2026-02-09 12:06:43,https://news.google.com/rss/articles/CBMi_wFBVV95cUxObXVnbHYtZ2tjWmYxZFpyWGtkOXc3djFmdU5TLXZ5WTlFWEx0UHBrWnZEUmVoR2VnOUV2LWs0V1p0OTFMSWZESEV3Um8yaS1nbGFBYURGT2VpaEpTSS1YSzlxeHZXT0tlanN1SnQ0TVlCbU5fTEtTX0tKbDd3SVMxR2tXcjUxcTR3MnBaRnVSVHNLMUtCb0FYRVNlcy1LYTlTdHNuWjRreG5CMjN1cGU1OGQ1N3d3VF95THVtTUxVdmpfRGVGWF9FM2ZlRmJzblpWRkxwanB1eERkOEdRZ3dlc2ZhMGw5YzFCSXl4RkoxY3EzZ3cwOURtd3pvaXc5ZFnSAYQCQVVfeXFMTnpCekJ4Yk9ZZjhoNlpWQjlaSTRhNGZsNXFyYXlYbWQ3YTVQVmxBdmx4bzdyRW1sNkFMZFFLN2EzNHpKNnB1MGgyb3VFeGNJbmJBZE1xWGs0WXI2QlpVYzJKdTAwYkhrWklTNUJBRWpIaWxXSGdpcXZJX3VDV043TUZPNDNPelBlNDhWcXQwM3lfWmtuYjFtbE9VbERMbF93X3FXYVdDdk52WDRNWUNhUWQxcnJCX2cxM1kzbXl5VTNNNGFqZEFvQ3pEUVRXc3pDM2pZV24waklsNjh4bUJ5VjZLdnhSUkR5SGNPOVZWR1BUUUlyUjBLTWg1cFFwVi1rMGdIS3Q?oc=5,"SBI, Bank of India among other PSU bank shares rise up to 8% amid strong buying; PSU Bank index gain up to... MoneycontrolPSB earnings surge: Public sector banks post Rs 52,603 crore Q3 profit; SBI leads record growth Times of IndiaSBI shares hit record high on strong quarterly profit, upbeat guidance By Investing.com Investing.com IndiaSBI share price: Stock to buy today as PSU bank reports highest-ever quarterly profit in Q3 results 2026 MSNSBI becomes sixth Indian firm to cross Rs 10 lakh crore mcap Moneycontrol",business
296,"Today’s School Assembly News Headlines (10th February 2026): Sri Lanka vs Ireland T20 World Cup 2026, SBI Q3 Results, and Other News in English",jagranjosh,2026-02-09 12:02:28,https://www.jagranjosh.com/articles/school-assembly-news-headlines-today-10th-february-2026-sri-lanka-vs-ireland-t20-world-cup-2026-sbi-q3-results-and-other-important-news-1800008421-1,"School Assembly News Headlines, 10th February: Sri Lanka vs Ireland T20 World Cup 2026, SBI Q3 Results. Updated With Important News Headlines of National, International & Sports. Read the complete news here for school assembly.",education
297,EPFO UPI withdrawal: New app for direct PF transfers & faster settlements,news9live,2026-02-09 11:45:00,https://www.news9live.com/business/personal-finance/epfo-upi-withdrawal-new-app-for-direct-pf-transfers-faster-settlements-2928504,"A new EPFO mobile app is set to revolutionize PF withdrawals, allowing subscribers to directly transfer funds to their bank accounts via UPI. Expected by April 2026, the app promises faster settlement of claims within three days, without manual intervention, and an increased auto-withdrawal limit up to Rs 5 lakh.",business
